[2026-04-13 20:40:03] production.ERROR: No application encryption key has been specified. {"exception":"[object] (Illuminate\\Encryption\\MissingAppKeyException(code: 0): No application encryption key has been specified. at /Users/Masry/GitHub/ntegty/vendor/laravel/framework/src/Illuminate/Encryption/EncryptionServiceProvider.php:79)
[stacktrace]
#0 /Users/Masry/GitHub/ntegty/vendor/laravel/framework/src/Illuminate/Support/helpers.php(320): Illuminate\\Encryption\\EncryptionServiceProvider->Illuminate\\Encryption\\{closure}(NULL)
#1 /Users/Masry/GitHub/ntegty/vendor/laravel/framework/src/Illuminate/Encryption/EncryptionServiceProvider.php(77): tap(NULL, Object(Closure))
#2 /Users/Masry/GitHub/ntegty/vendor/laravel/framework/src/Illuminate/Encryption/EncryptionServiceProvider.php(60): Illuminate\\Encryption\\EncryptionServiceProvider->key(Array)
#3 /Users/Masry/GitHub/ntegty/vendor/laravel/framework/src/Illuminate/Encryption/EncryptionServiceProvider.php(32): Illuminate\\Encryption\\EncryptionServiceProvider->parseKey(Array)
#4 /Users/Masry/GitHub/ntegty/vendor/laravel/framework/src/Illuminate/Container/Container.php(908): Illuminate\\Encryption\\EncryptionServiceProvider->Illuminate\\Encryption\\{closure}(Object(Illuminate\\Foundation\\Application), Array)
#5 /Users/Masry/GitHub/ntegty/vendor/laravel/framework/src/Illuminate/Container/Container.php(795): Illuminate\\Container\\Container->build(Object(Closure))
#6 /Users/Masry/GitHub/ntegty/vendor/laravel/framework/src/Illuminate/Foundation/Application.php(986): Illuminate\\Container\\Container->resolve('encrypter', Array, true)
#7 /Users/Masry/GitHub/ntegty/vendor/laravel/framework/src/Illuminate/Container/Container.php(731): Illuminate\\Foundation\\Application->resolve('encrypter', Array)
#8 /Users/Masry/GitHub/ntegty/vendor/laravel/framework/src/Illuminate/Foundation/Application.php(971): Illuminate\\Container\\Container->make('encrypter', Array)
#9 /Users/Masry/GitHub/ntegty/vendor/laravel/framework/src/Illuminate/Container/Container.php(1066): Illuminate\\Foundation\\Application->make('encrypter')
#10 /Users/Masry/GitHub/ntegty/vendor/laravel/framework/src/Illuminate/Container/Container.php(982): Illuminate\\Container\\Container->resolveClass(Object(ReflectionParameter))
#11 /Users/Masry/GitHub/ntegty/vendor/laravel/framework/src/Illuminate/Container/Container.php(943): Illuminate\\Container\\Container->resolveDependencies(Array)
#12 /Users/Masry/GitHub/ntegty/vendor/laravel/framework/src/Illuminate/Container/Container.php(795): Illuminate\\Container\\Container->build('App\\\\Http\\\\Middle...')
#13 /Users/Masry/GitHub/ntegty/vendor/laravel/framework/src/Illuminate/Foundation/Application.php(986): Illuminate\\Container\\Container->resolve('App\\\\Http\\\\Middle...', Array, true)
#14 /Users/Masry/GitHub/ntegty/vendor/laravel/framework/src/Illuminate/Container/Container.php(731): Illuminate\\Foundation\\Application->resolve('App\\\\Http\\\\Middle...', Array)
#15 /Users/Masry/GitHub/ntegty/vendor/laravel/framework/src/Illuminate/Foundation/Application.php(971): Illuminate\\Container\\Container->make('App\\\\Http\\\\Middle...', Array)
#16 /Users/Masry/GitHub/ntegty/vendor/laravel/framework/src/Illuminate/Pipeline/Pipeline.php(172): Illuminate\\Foundation\\Application->make('App\\\\Http\\\\Middle...')
#17 /Users/Masry/GitHub/ntegty/vendor/laravel/framework/src/Illuminate/Pipeline/Pipeline.php(119): Illuminate\\Pipeline\\Pipeline->Illuminate\\Pipeline\\{closure}(Object(Illuminate\\Http\\Request))
#18 /Users/Masry/GitHub/ntegty/vendor/laravel/framework/src/Illuminate/Routing/Router.php(805): Illuminate\\Pipeline\\Pipeline->then(Object(Closure))
#19 /Users/Masry/GitHub/ntegty/vendor/laravel/framework/src/Illuminate/Routing/Router.php(784): Illuminate\\Routing\\Router->runRouteWithinStack(Object(Illuminate\\Routing\\Route), Object(Illuminate\\Http\\Request))
#20 /Users/Masry/GitHub/ntegty/vendor/laravel/framework/src/Illuminate/Routing/Router.php(748): Illuminate\\Routing\\Router->runRoute(Object(Illuminate\\Http\\Request), Object(Illuminate\\Routing\\Route))
#21 /Users/Masry/GitHub/ntegty/vendor/laravel/framework/src/Illuminate/Routing/Router.php(737): Illuminate\\Routing\\Router->dispatchToRoute(Object(Illuminate\\Http\\Request))
#22 /Users/Masry/GitHub/ntegty/vendor/laravel/framework/src/Illuminate/Foundation/Http/Kernel.php(200): Illuminate\\Routing\\Router->dispatch(Object(Illuminate\\Http\\Request))
#23 /Users/Masry/GitHub/ntegty/vendor/laravel/framework/src/Illuminate/Pipeline/Pipeline.php(144): Illuminate\\Foundation\\Http\\Kernel->Illuminate\\Foundation\\Http\\{closure}(Object(Illuminate\\Http\\Request))
#24 /Users/Masry/GitHub/ntegty/vendor/livewire/livewire/src/Features/SupportDisablingBackButtonCache/DisableBackButtonCacheMiddleware.php(19): Illuminate\\Pipeline\\Pipeline->Illuminate\\Pipeline\\{closure}(Object(Illuminate\\Http\\Request))
#25 /Users/Masry/GitHub/ntegty/vendor/laravel/framework/src/Illuminate/Pipeline/Pipeline.php(183): Livewire\\Features\\SupportDisablingBackButtonCache\\DisableBackButtonCacheMiddleware->handle(Object(Illuminate\\Http\\Request), Object(Closure))
#26 /Users/Masry/GitHub/ntegty/app/Http/Middleware/SeoHeadersMiddleware.php(18): Illuminate\\Pipeline\\Pipeline->Illuminate\\Pipeline\\{closure}(Object(Illuminate\\Http\\Request))
#27 /Users/Masry/GitHub/ntegty/vendor/laravel/framework/src/Illuminate/Pipeline/Pipeline.php(183): App\\Http\\Middleware\\SeoHeadersMiddleware->handle(Object(Illuminate\\Http\\Request), Object(Closure))
#28 /Users/Masry/GitHub/ntegty/vendor/laravel/framework/src/Illuminate/Foundation/Http/Middleware/TransformsRequest.php(21): Illuminate\\Pipeline\\Pipeline->Illuminate\\Pipeline\\{closure}(Object(Illuminate\\Http\\Request))
#29 /Users/Masry/GitHub/ntegty/vendor/laravel/framework/src/Illuminate/Foundation/Http/Middleware/ConvertEmptyStringsToNull.php(31): Illuminate\\Foundation\\Http\\Middleware\\TransformsRequest->handle(Object(Illuminate\\Http\\Request), Object(Closure))
#30 /Users/Masry/GitHub/ntegty/vendor/laravel/framework/src/Illuminate/Pipeline/Pipeline.php(183): Illuminate\\Foundation\\Http\\Middleware\\ConvertEmptyStringsToNull->handle(Object(Illuminate\\Http\\Request), Object(Closure))
#31 /Users/Masry/GitHub/ntegty/vendor/laravel/framework/src/Illuminate/Foundation/Http/Middleware/TransformsRequest.php(21): Illuminate\\Pipeline\\Pipeline->Illuminate\\Pipeline\\{closure}(Object(Illuminate\\Http\\Request))
#32 /Users/Masry/GitHub/ntegty/vendor/laravel/framework/src/Illuminate/Foundation/Http/Middleware/TrimStrings.php(40): Illuminate\\Foundation\\Http\\Middleware\\TransformsRequest->handle(Object(Illuminate\\Http\\Request), Object(Closure))
#33 /Users/Masry/GitHub/ntegty/vendor/laravel/framework/src/Illuminate/Pipeline/Pipeline.php(183): Illuminate\\Foundation\\Http\\Middleware\\TrimStrings->handle(Object(Illuminate\\Http\\Request), Object(Closure))
#34 /Users/Masry/GitHub/ntegty/vendor/laravel/framework/src/Illuminate/Foundation/Http/Middleware/ValidatePostSize.php(27): Illuminate\\Pipeline\\Pipeline->Illuminate\\Pipeline\\{closure}(Object(Illuminate\\Http\\Request))
#35 /Users/Masry/GitHub/ntegty/vendor/laravel/framework/src/Illuminate/Pipeline/Pipeline.php(183): Illuminate\\Foundation\\Http\\Middleware\\ValidatePostSize->handle(Object(Illuminate\\Http\\Request), Object(Closure))
#36 /Users/Masry/GitHub/ntegty/vendor/laravel/framework/src/Illuminate/Foundation/Http/Middleware/PreventRequestsDuringMaintenance.php(99): Illuminate\\Pipeline\\Pipeline->Illuminate\\Pipeline\\{closure}(Object(Illuminate\\Http\\Request))
#37 /Users/Masry/GitHub/ntegty/vendor/laravel/framework/src/Illuminate/Pipeline/Pipeline.php(183): Illuminate\\Foundation\\Http\\Middleware\\PreventRequestsDuringMaintenance->handle(Object(Illuminate\\Http\\Request), Object(Closure))
#38 /Users/Masry/GitHub/ntegty/vendor/laravel/framework/src/Illuminate/Http/Middleware/HandleCors.php(49): Illuminate\\Pipeline\\Pipeline->Illuminate\\Pipeline\\{closure}(Object(Illuminate\\Http\\Request))
#39 /Users/Masry/GitHub/ntegty/vendor/laravel/framework/src/Illuminate/Pipeline/Pipeline.php(183): Illuminate\\Http\\Middleware\\HandleCors->handle(Object(Illuminate\\Http\\Request), Object(Closure))
#40 /Users/Masry/GitHub/ntegty/vendor/laravel/framework/src/Illuminate/Http/Middleware/TrustProxies.php(39): Illuminate\\Pipeline\\Pipeline->Illuminate\\Pipeline\\{closure}(Object(Illuminate\\Http\\Request))
#41 /Users/Masry/GitHub/ntegty/vendor/laravel/framework/src/Illuminate/Pipeline/Pipeline.php(183): Illuminate\\Http\\Middleware\\TrustProxies->handle(Object(Illuminate\\Http\\Request), Object(Closure))
#42 /Users/Masry/GitHub/ntegty/vendor/laravel/framework/src/Illuminate/Pipeline/Pipeline.php(119): Illuminate\\Pipeline\\Pipeline->Illuminate\\Pipeline\\{closure}(Object(Illuminate\\Http\\Request))
#43 /Users/Masry/GitHub/ntegty/vendor/laravel/framework/src/Illuminate/Foundation/Http/Kernel.php(175): Illuminate\\Pipeline\\Pipeline->then(Object(Closure))
#44 /Users/Masry/GitHub/ntegty/vendor/laravel/framework/src/Illuminate/Foundation/Http/Kernel.php(144): Illuminate\\Foundation\\Http\\Kernel->sendRequestThroughRouter(Object(Illuminate\\Http\\Request))
#45 /Users/Masry/GitHub/ntegty/index.php(51): Illuminate\\Foundation\\Http\\Kernel->handle(Object(Illuminate\\Http\\Request))
#46 {main}
"} 
[2026-04-13 20:40:03] production.ERROR: No application encryption key has been specified. {"exception":"[object] (Illuminate\\Encryption\\MissingAppKeyException(code: 0): No application encryption key has been specified. at /Users/Masry/GitHub/ntegty/vendor/laravel/framework/src/Illuminate/Encryption/EncryptionServiceProvider.php:79)
[stacktrace]
#0 /Users/Masry/GitHub/ntegty/vendor/laravel/framework/src/Illuminate/Support/helpers.php(320): Illuminate\\Encryption\\EncryptionServiceProvider->Illuminate\\Encryption\\{closure}(NULL)
#1 /Users/Masry/GitHub/ntegty/vendor/laravel/framework/src/Illuminate/Encryption/EncryptionServiceProvider.php(77): tap(NULL, Object(Closure))
#2 /Users/Masry/GitHub/ntegty/vendor/laravel/framework/src/Illuminate/Encryption/EncryptionServiceProvider.php(60): Illuminate\\Encryption\\EncryptionServiceProvider->key(Array)
#3 /Users/Masry/GitHub/ntegty/vendor/laravel/framework/src/Illuminate/Encryption/EncryptionServiceProvider.php(32): Illuminate\\Encryption\\EncryptionServiceProvider->parseKey(Array)
#4 /Users/Masry/GitHub/ntegty/vendor/laravel/framework/src/Illuminate/Container/Container.php(908): Illuminate\\Encryption\\EncryptionServiceProvider->Illuminate\\Encryption\\{closure}(Object(Illuminate\\Foundation\\Application), Array)
#5 /Users/Masry/GitHub/ntegty/vendor/laravel/framework/src/Illuminate/Container/Container.php(795): Illuminate\\Container\\Container->build(Object(Closure))
#6 /Users/Masry/GitHub/ntegty/vendor/laravel/framework/src/Illuminate/Foundation/Application.php(986): Illuminate\\Container\\Container->resolve('encrypter', Array, true)
#7 /Users/Masry/GitHub/ntegty/vendor/laravel/framework/src/Illuminate/Container/Container.php(731): Illuminate\\Foundation\\Application->resolve('encrypter', Array)
#8 /Users/Masry/GitHub/ntegty/vendor/laravel/framework/src/Illuminate/Foundation/Application.php(971): Illuminate\\Container\\Container->make('encrypter', Array)
#9 /Users/Masry/GitHub/ntegty/vendor/laravel/framework/src/Illuminate/Container/Container.php(1066): Illuminate\\Foundation\\Application->make('encrypter')
#10 /Users/Masry/GitHub/ntegty/vendor/laravel/framework/src/Illuminate/Container/Container.php(982): Illuminate\\Container\\Container->resolveClass(Object(ReflectionParameter))
#11 /Users/Masry/GitHub/ntegty/vendor/laravel/framework/src/Illuminate/Container/Container.php(943): Illuminate\\Container\\Container->resolveDependencies(Array)
#12 /Users/Masry/GitHub/ntegty/vendor/laravel/framework/src/Illuminate/Container/Container.php(795): Illuminate\\Container\\Container->build('App\\\\Http\\\\Middle...')
#13 /Users/Masry/GitHub/ntegty/vendor/laravel/framework/src/Illuminate/Foundation/Application.php(986): Illuminate\\Container\\Container->resolve('App\\\\Http\\\\Middle...', Array, true)
#14 /Users/Masry/GitHub/ntegty/vendor/laravel/framework/src/Illuminate/Container/Container.php(731): Illuminate\\Foundation\\Application->resolve('App\\\\Http\\\\Middle...', Array)
#15 /Users/Masry/GitHub/ntegty/vendor/laravel/framework/src/Illuminate/Foundation/Application.php(971): Illuminate\\Container\\Container->make('App\\\\Http\\\\Middle...', Array)
#16 /Users/Masry/GitHub/ntegty/vendor/laravel/framework/src/Illuminate/Foundation/Http/Kernel.php(255): Illuminate\\Foundation\\Application->make('App\\\\Http\\\\Middle...')
#17 /Users/Masry/GitHub/ntegty/vendor/laravel/framework/src/Illuminate/Foundation/Http/Kernel.php(213): Illuminate\\Foundation\\Http\\Kernel->terminateMiddleware(Object(Illuminate\\Http\\Request), Object(Illuminate\\Http\\Response))
#18 /Users/Masry/GitHub/ntegty/index.php(55): Illuminate\\Foundation\\Http\\Kernel->terminate(Object(Illuminate\\Http\\Request), Object(Illuminate\\Http\\Response))
#19 {main}
"} 
[2026-04-13 20:42:06] local.ERROR: SQLSTATE[HY000] [2002] Connection refused (Connection: mysql, SQL: select * from `settings` where `key` = cache_enabled limit 1) {"exception":"[object] (Illuminate\\Database\\QueryException(code: 2002): SQLSTATE[HY000] [2002] Connection refused (Connection: mysql, SQL: select * from `settings` where `key` = cache_enabled limit 1) at /Users/Masry/GitHub/ntegty/vendor/laravel/framework/src/Illuminate/Database/Connection.php:829)
[stacktrace]
#0 /Users/Masry/GitHub/ntegty/vendor/laravel/framework/src/Illuminate/Database/Connection.php(983): Illuminate\\Database\\Connection->runQueryCallback('select * from `...', Array, Object(Closure))
#1 /Users/Masry/GitHub/ntegty/vendor/laravel/framework/src/Illuminate/Database/Connection.php(962): Illuminate\\Database\\Connection->tryAgainIfCausedByLostConnection(Object(Illuminate\\Database\\QueryException), 'select * from `...', Array, Object(Closure))
#2 /Users/Masry/GitHub/ntegty/vendor/laravel/framework/src/Illuminate/Database/Connection.php(785): Illuminate\\Database\\Connection->handleQueryException(Object(Illuminate\\Database\\QueryException), 'select * from `...', Array, Object(Closure))
#3 /Users/Masry/GitHub/ntegty/vendor/laravel/framework/src/Illuminate/Database/Connection.php(414): Illuminate\\Database\\Connection->run('select * from `...', Array, Object(Closure))
#4 /Users/Masry/GitHub/ntegty/vendor/laravel/framework/src/Illuminate/Database/Query/Builder.php(2913): Illuminate\\Database\\Connection->select('select * from `...', Array, true)
#5 /Users/Masry/GitHub/ntegty/vendor/laravel/framework/src/Illuminate/Database/Query/Builder.php(2902): Illuminate\\Database\\Query\\Builder->runSelect()
#6 /Users/Masry/GitHub/ntegty/vendor/laravel/framework/src/Illuminate/Database/Query/Builder.php(3456): Illuminate\\Database\\Query\\Builder->Illuminate\\Database\\Query\\{closure}()
#7 /Users/Masry/GitHub/ntegty/vendor/laravel/framework/src/Illuminate/Database/Query/Builder.php(2901): Illuminate\\Database\\Query\\Builder->onceWithColumns(Array, Object(Closure))
#8 /Users/Masry/GitHub/ntegty/vendor/laravel/framework/src/Illuminate/Database/Eloquent/Builder.php(739): Illuminate\\Database\\Query\\Builder->get(Array)
#9 /Users/Masry/GitHub/ntegty/vendor/laravel/framework/src/Illuminate/Database/Eloquent/Builder.php(723): Illuminate\\Database\\Eloquent\\Builder->getModels(Array)
#10 /Users/Masry/GitHub/ntegty/vendor/laravel/framework/src/Illuminate/Database/Concerns/BuildsQueries.php(333): Illuminate\\Database\\Eloquent\\Builder->get(Array)
#11 /Users/Masry/GitHub/ntegty/app/Models/Setting.php(19): Illuminate\\Database\\Eloquent\\Builder->first()
#12 /Users/Masry/GitHub/ntegty/vendor/laravel/framework/src/Illuminate/Cache/Repository.php(396): App\\Models\\Setting::App\\Models\\{closure}()
#13 /Users/Masry/GitHub/ntegty/vendor/laravel/framework/src/Illuminate/Cache/CacheManager.php(429): Illuminate\\Cache\\Repository->remember('setting_cache_e...', 3600, Object(Closure))
#14 /Users/Masry/GitHub/ntegty/vendor/laravel/framework/src/Illuminate/Support/Facades/Facade.php(355): Illuminate\\Cache\\CacheManager->__call('remember', Array)
#15 /Users/Masry/GitHub/ntegty/app/Models/Setting.php(18): Illuminate\\Support\\Facades\\Facade::__callStatic('remember', Array)
#16 /Users/Masry/GitHub/ntegty/app/Http/Middleware/CacheResponse.php(103): App\\Models\\Setting::get('cache_enabled', true)
#17 /Users/Masry/GitHub/ntegty/app/Http/Middleware/CacheResponse.php(36): App\\Http\\Middleware\\CacheResponse->isCacheEnabled()
#18 /Users/Masry/GitHub/ntegty/vendor/laravel/framework/src/Illuminate/Pipeline/Pipeline.php(183): App\\Http\\Middleware\\CacheResponse->handle(Object(Illuminate\\Http\\Request), Object(Closure))
#19 /Users/Masry/GitHub/ntegty/app/Http/Middleware/TrackPageViews.php(17): Illuminate\\Pipeline\\Pipeline->Illuminate\\Pipeline\\{closure}(Object(Illuminate\\Http\\Request))
#20 /Users/Masry/GitHub/ntegty/vendor/laravel/framework/src/Illuminate/Pipeline/Pipeline.php(183): App\\Http\\Middleware\\TrackPageViews->handle(Object(Illuminate\\Http\\Request), Object(Closure))
#21 /Users/Masry/GitHub/ntegty/vendor/laravel/framework/src/Illuminate/Routing/Middleware/SubstituteBindings.php(50): Illuminate\\Pipeline\\Pipeline->Illuminate\\Pipeline\\{closure}(Object(Illuminate\\Http\\Request))
#22 /Users/Masry/GitHub/ntegty/vendor/laravel/framework/src/Illuminate/Pipeline/Pipeline.php(183): Illuminate\\Routing\\Middleware\\SubstituteBindings->handle(Object(Illuminate\\Http\\Request), Object(Closure))
#23 /Users/Masry/GitHub/ntegty/vendor/laravel/framework/src/Illuminate/Foundation/Http/Middleware/VerifyCsrfToken.php(78): Illuminate\\Pipeline\\Pipeline->Illuminate\\Pipeline\\{closure}(Object(Illuminate\\Http\\Request))
#24 /Users/Masry/GitHub/ntegty/vendor/laravel/framework/src/Illuminate/Pipeline/Pipeline.php(183): Illuminate\\Foundation\\Http\\Middleware\\VerifyCsrfToken->handle(Object(Illuminate\\Http\\Request), Object(Closure))
#25 /Users/Masry/GitHub/ntegty/vendor/laravel/framework/src/Illuminate/View/Middleware/ShareErrorsFromSession.php(49): Illuminate\\Pipeline\\Pipeline->Illuminate\\Pipeline\\{closure}(Object(Illuminate\\Http\\Request))
#26 /Users/Masry/GitHub/ntegty/vendor/laravel/framework/src/Illuminate/Pipeline/Pipeline.php(183): Illuminate\\View\\Middleware\\ShareErrorsFromSession->handle(Object(Illuminate\\Http\\Request), Object(Closure))
#27 /Users/Masry/GitHub/ntegty/vendor/laravel/framework/src/Illuminate/Session/Middleware/StartSession.php(121): Illuminate\\Pipeline\\Pipeline->Illuminate\\Pipeline\\{closure}(Object(Illuminate\\Http\\Request))
#28 /Users/Masry/GitHub/ntegty/vendor/laravel/framework/src/Illuminate/Session/Middleware/StartSession.php(64): Illuminate\\Session\\Middleware\\StartSession->handleStatefulRequest(Object(Illuminate\\Http\\Request), Object(Illuminate\\Session\\Store), Object(Closure))
#29 /Users/Masry/GitHub/ntegty/vendor/laravel/framework/src/Illuminate/Pipeline/Pipeline.php(183): Illuminate\\Session\\Middleware\\StartSession->handle(Object(Illuminate\\Http\\Request), Object(Closure))
#30 /Users/Masry/GitHub/ntegty/vendor/laravel/framework/src/Illuminate/Cookie/Middleware/AddQueuedCookiesToResponse.php(37): Illuminate\\Pipeline\\Pipeline->Illuminate\\Pipeline\\{closure}(Object(Illuminate\\Http\\Request))
#31 /Users/Masry/GitHub/ntegty/vendor/laravel/framework/src/Illuminate/Pipeline/Pipeline.php(183): Illuminate\\Cookie\\Middleware\\AddQueuedCookiesToResponse->handle(Object(Illuminate\\Http\\Request), Object(Closure))
#32 /Users/Masry/GitHub/ntegty/vendor/laravel/framework/src/Illuminate/Cookie/Middleware/EncryptCookies.php(67): Illuminate\\Pipeline\\Pipeline->Illuminate\\Pipeline\\{closure}(Object(Illuminate\\Http\\Request))
#33 /Users/Masry/GitHub/ntegty/vendor/laravel/framework/src/Illuminate/Pipeline/Pipeline.php(183): Illuminate\\Cookie\\Middleware\\EncryptCookies->handle(Object(Illuminate\\Http\\Request), Object(Closure))
#34 /Users/Masry/GitHub/ntegty/vendor/laravel/framework/src/Illuminate/Pipeline/Pipeline.php(119): Illuminate\\Pipeline\\Pipeline->Illuminate\\Pipeline\\{closure}(Object(Illuminate\\Http\\Request))
#35 /Users/Masry/GitHub/ntegty/vendor/laravel/framework/src/Illuminate/Routing/Router.php(805): Illuminate\\Pipeline\\Pipeline->then(Object(Closure))
#36 /Users/Masry/GitHub/ntegty/vendor/laravel/framework/src/Illuminate/Routing/Router.php(784): Illuminate\\Routing\\Router->runRouteWithinStack(Object(Illuminate\\Routing\\Route), Object(Illuminate\\Http\\Request))
#37 /Users/Masry/GitHub/ntegty/vendor/laravel/framework/src/Illuminate/Routing/Router.php(748): Illuminate\\Routing\\Router->runRoute(Object(Illuminate\\Http\\Request), Object(Illuminate\\Routing\\Route))
#38 /Users/Masry/GitHub/ntegty/vendor/laravel/framework/src/Illuminate/Routing/Router.php(737): Illuminate\\Routing\\Router->dispatchToRoute(Object(Illuminate\\Http\\Request))
#39 /Users/Masry/GitHub/ntegty/vendor/laravel/framework/src/Illuminate/Foundation/Http/Kernel.php(200): Illuminate\\Routing\\Router->dispatch(Object(Illuminate\\Http\\Request))
#40 /Users/Masry/GitHub/ntegty/vendor/laravel/framework/src/Illuminate/Pipeline/Pipeline.php(144): Illuminate\\Foundation\\Http\\Kernel->Illuminate\\Foundation\\Http\\{closure}(Object(Illuminate\\Http\\Request))
#41 /Users/Masry/GitHub/ntegty/vendor/livewire/livewire/src/Features/SupportDisablingBackButtonCache/DisableBackButtonCacheMiddleware.php(19): Illuminate\\Pipeline\\Pipeline->Illuminate\\Pipeline\\{closure}(Object(Illuminate\\Http\\Request))
#42 /Users/Masry/GitHub/ntegty/vendor/laravel/framework/src/Illuminate/Pipeline/Pipeline.php(183): Livewire\\Features\\SupportDisablingBackButtonCache\\DisableBackButtonCacheMiddleware->handle(Object(Illuminate\\Http\\Request), Object(Closure))
#43 /Users/Masry/GitHub/ntegty/app/Http/Middleware/SeoHeadersMiddleware.php(18): Illuminate\\Pipeline\\Pipeline->Illuminate\\Pipeline\\{closure}(Object(Illuminate\\Http\\Request))
#44 /Users/Masry/GitHub/ntegty/vendor/laravel/framework/src/Illuminate/Pipeline/Pipeline.php(183): App\\Http\\Middleware\\SeoHeadersMiddleware->handle(Object(Illuminate\\Http\\Request), Object(Closure))
#45 /Users/Masry/GitHub/ntegty/vendor/laravel/framework/src/Illuminate/Foundation/Http/Middleware/TransformsRequest.php(21): Illuminate\\Pipeline\\Pipeline->Illuminate\\Pipeline\\{closure}(Object(Illuminate\\Http\\Request))
#46 /Users/Masry/GitHub/ntegty/vendor/laravel/framework/src/Illuminate/Foundation/Http/Middleware/ConvertEmptyStringsToNull.php(31): Illuminate\\Foundation\\Http\\Middleware\\TransformsRequest->handle(Object(Illuminate\\Http\\Request), Object(Closure))
#47 /Users/Masry/GitHub/ntegty/vendor/laravel/framework/src/Illuminate/Pipeline/Pipeline.php(183): Illuminate\\Foundation\\Http\\Middleware\\ConvertEmptyStringsToNull->handle(Object(Illuminate\\Http\\Request), Object(Closure))
#48 /Users/Masry/GitHub/ntegty/vendor/laravel/framework/src/Illuminate/Foundation/Http/Middleware/TransformsRequest.php(21): Illuminate\\Pipeline\\Pipeline->Illuminate\\Pipeline\\{closure}(Object(Illuminate\\Http\\Request))
#49 /Users/Masry/GitHub/ntegty/vendor/laravel/framework/src/Illuminate/Foundation/Http/Middleware/TrimStrings.php(40): Illuminate\\Foundation\\Http\\Middleware\\TransformsRequest->handle(Object(Illuminate\\Http\\Request), Object(Closure))
#50 /Users/Masry/GitHub/ntegty/vendor/laravel/framework/src/Illuminate/Pipeline/Pipeline.php(183): Illuminate\\Foundation\\Http\\Middleware\\TrimStrings->handle(Object(Illuminate\\Http\\Request), Object(Closure))
#51 /Users/Masry/GitHub/ntegty/vendor/laravel/framework/src/Illuminate/Foundation/Http/Middleware/ValidatePostSize.php(27): Illuminate\\Pipeline\\Pipeline->Illuminate\\Pipeline\\{closure}(Object(Illuminate\\Http\\Request))
#52 /Users/Masry/GitHub/ntegty/vendor/laravel/framework/src/Illuminate/Pipeline/Pipeline.php(183): Illuminate\\Foundation\\Http\\Middleware\\ValidatePostSize->handle(Object(Illuminate\\Http\\Request), Object(Closure))
#53 /Users/Masry/GitHub/ntegty/vendor/laravel/framework/src/Illuminate/Foundation/Http/Middleware/PreventRequestsDuringMaintenance.php(99): Illuminate\\Pipeline\\Pipeline->Illuminate\\Pipeline\\{closure}(Object(Illuminate\\Http\\Request))
#54 /Users/Masry/GitHub/ntegty/vendor/laravel/framework/src/Illuminate/Pipeline/Pipeline.php(183): Illuminate\\Foundation\\Http\\Middleware\\PreventRequestsDuringMaintenance->handle(Object(Illuminate\\Http\\Request), Object(Closure))
#55 /Users/Masry/GitHub/ntegty/vendor/laravel/framework/src/Illuminate/Http/Middleware/HandleCors.php(49): Illuminate\\Pipeline\\Pipeline->Illuminate\\Pipeline\\{closure}(Object(Illuminate\\Http\\Request))
#56 /Users/Masry/GitHub/ntegty/vendor/laravel/framework/src/Illuminate/Pipeline/Pipeline.php(183): Illuminate\\Http\\Middleware\\HandleCors->handle(Object(Illuminate\\Http\\Request), Object(Closure))
#57 /Users/Masry/GitHub/ntegty/vendor/laravel/framework/src/Illuminate/Http/Middleware/TrustProxies.php(39): Illuminate\\Pipeline\\Pipeline->Illuminate\\Pipeline\\{closure}(Object(Illuminate\\Http\\Request))
#58 /Users/Masry/GitHub/ntegty/vendor/laravel/framework/src/Illuminate/Pipeline/Pipeline.php(183): Illuminate\\Http\\Middleware\\TrustProxies->handle(Object(Illuminate\\Http\\Request), Object(Closure))
#59 /Users/Masry/GitHub/ntegty/vendor/laravel/framework/src/Illuminate/Pipeline/Pipeline.php(119): Illuminate\\Pipeline\\Pipeline->Illuminate\\Pipeline\\{closure}(Object(Illuminate\\Http\\Request))
#60 /Users/Masry/GitHub/ntegty/vendor/laravel/framework/src/Illuminate/Foundation/Http/Kernel.php(175): Illuminate\\Pipeline\\Pipeline->then(Object(Closure))
#61 /Users/Masry/GitHub/ntegty/vendor/laravel/framework/src/Illuminate/Foundation/Http/Kernel.php(144): Illuminate\\Foundation\\Http\\Kernel->sendRequestThroughRouter(Object(Illuminate\\Http\\Request))
#62 /Users/Masry/GitHub/ntegty/index.php(51): Illuminate\\Foundation\\Http\\Kernel->handle(Object(Illuminate\\Http\\Request))
#63 {main}

[previous exception] [object] (PDOException(code: 2002): SQLSTATE[HY000] [2002] Connection refused at /Users/Masry/GitHub/ntegty/vendor/laravel/framework/src/Illuminate/Database/Connectors/Connector.php:65)
[stacktrace]
#0 /Users/Masry/GitHub/ntegty/vendor/laravel/framework/src/Illuminate/Database/Connectors/Connector.php(65): PDO->__construct('mysql:host=127....', 'root', Object(SensitiveParameterValue), Array)
#1 /Users/Masry/GitHub/ntegty/vendor/laravel/framework/src/Illuminate/Database/Connectors/Connector.php(83): Illuminate\\Database\\Connectors\\Connector->createPdoConnection('mysql:host=127....', 'root', '', Array)
#2 /Users/Masry/GitHub/ntegty/vendor/laravel/framework/src/Illuminate/Database/Connectors/Connector.php(48): Illuminate\\Database\\Connectors\\Connector->tryAgainIfCausedByLostConnection(Object(PDOException), 'mysql:host=127....', 'root', '', Array)
#3 /Users/Masry/GitHub/ntegty/vendor/laravel/framework/src/Illuminate/Database/Connectors/MySqlConnector.php(24): Illuminate\\Database\\Connectors\\Connector->createConnection('mysql:host=127....', Array, Array)
#4 /Users/Masry/GitHub/ntegty/vendor/laravel/framework/src/Illuminate/Database/Connectors/ConnectionFactory.php(184): Illuminate\\Database\\Connectors\\MySqlConnector->connect(Array)
#5 [internal function]: Illuminate\\Database\\Connectors\\ConnectionFactory->Illuminate\\Database\\Connectors\\{closure}()
#6 /Users/Masry/GitHub/ntegty/vendor/laravel/framework/src/Illuminate/Database/Connection.php(1339): call_user_func(Object(Closure))
#7 /Users/Masry/GitHub/ntegty/vendor/laravel/framework/src/Illuminate/Database/Connection.php(1375): Illuminate\\Database\\Connection->getPdo()
#8 /Users/Masry/GitHub/ntegty/vendor/laravel/framework/src/Illuminate/Database/Connection.php(528): Illuminate\\Database\\Connection->getReadPdo()
#9 /Users/Masry/GitHub/ntegty/vendor/laravel/framework/src/Illuminate/Database/Connection.php(423): Illuminate\\Database\\Connection->getPdoForSelect(true)
#10 /Users/Masry/GitHub/ntegty/vendor/laravel/framework/src/Illuminate/Database/Connection.php(816): Illuminate\\Database\\Connection->Illuminate\\Database\\{closure}('select * from `...', Array)
#11 /Users/Masry/GitHub/ntegty/vendor/laravel/framework/src/Illuminate/Database/Connection.php(983): Illuminate\\Database\\Connection->runQueryCallback('select * from `...', Array, Object(Closure))
#12 /Users/Masry/GitHub/ntegty/vendor/laravel/framework/src/Illuminate/Database/Connection.php(962): Illuminate\\Database\\Connection->tryAgainIfCausedByLostConnection(Object(Illuminate\\Database\\QueryException), 'select * from `...', Array, Object(Closure))
#13 /Users/Masry/GitHub/ntegty/vendor/laravel/framework/src/Illuminate/Database/Connection.php(785): Illuminate\\Database\\Connection->handleQueryException(Object(Illuminate\\Database\\QueryException), 'select * from `...', Array, Object(Closure))
#14 /Users/Masry/GitHub/ntegty/vendor/laravel/framework/src/Illuminate/Database/Connection.php(414): Illuminate\\Database\\Connection->run('select * from `...', Array, Object(Closure))
#15 /Users/Masry/GitHub/ntegty/vendor/laravel/framework/src/Illuminate/Database/Query/Builder.php(2913): Illuminate\\Database\\Connection->select('select * from `...', Array, true)
#16 /Users/Masry/GitHub/ntegty/vendor/laravel/framework/src/Illuminate/Database/Query/Builder.php(2902): Illuminate\\Database\\Query\\Builder->runSelect()
#17 /Users/Masry/GitHub/ntegty/vendor/laravel/framework/src/Illuminate/Database/Query/Builder.php(3456): Illuminate\\Database\\Query\\Builder->Illuminate\\Database\\Query\\{closure}()
#18 /Users/Masry/GitHub/ntegty/vendor/laravel/framework/src/Illuminate/Database/Query/Builder.php(2901): Illuminate\\Database\\Query\\Builder->onceWithColumns(Array, Object(Closure))
#19 /Users/Masry/GitHub/ntegty/vendor/laravel/framework/src/Illuminate/Database/Eloquent/Builder.php(739): Illuminate\\Database\\Query\\Builder->get(Array)
#20 /Users/Masry/GitHub/ntegty/vendor/laravel/framework/src/Illuminate/Database/Eloquent/Builder.php(723): Illuminate\\Database\\Eloquent\\Builder->getModels(Array)
#21 /Users/Masry/GitHub/ntegty/vendor/laravel/framework/src/Illuminate/Database/Concerns/BuildsQueries.php(333): Illuminate\\Database\\Eloquent\\Builder->get(Array)
#22 /Users/Masry/GitHub/ntegty/app/Models/Setting.php(19): Illuminate\\Database\\Eloquent\\Builder->first()
#23 /Users/Masry/GitHub/ntegty/vendor/laravel/framework/src/Illuminate/Cache/Repository.php(396): App\\Models\\Setting::App\\Models\\{closure}()
#24 /Users/Masry/GitHub/ntegty/vendor/laravel/framework/src/Illuminate/Cache/CacheManager.php(429): Illuminate\\Cache\\Repository->remember('setting_cache_e...', 3600, Object(Closure))
#25 /Users/Masry/GitHub/ntegty/vendor/laravel/framework/src/Illuminate/Support/Facades/Facade.php(355): Illuminate\\Cache\\CacheManager->__call('remember', Array)
#26 /Users/Masry/GitHub/ntegty/app/Models/Setting.php(18): Illuminate\\Support\\Facades\\Facade::__callStatic('remember', Array)
#27 /Users/Masry/GitHub/ntegty/app/Http/Middleware/CacheResponse.php(103): App\\Models\\Setting::get('cache_enabled', true)
#28 /Users/Masry/GitHub/ntegty/app/Http/Middleware/CacheResponse.php(36): App\\Http\\Middleware\\CacheResponse->isCacheEnabled()
#29 /Users/Masry/GitHub/ntegty/vendor/laravel/framework/src/Illuminate/Pipeline/Pipeline.php(183): App\\Http\\Middleware\\CacheResponse->handle(Object(Illuminate\\Http\\Request), Object(Closure))
#30 /Users/Masry/GitHub/ntegty/app/Http/Middleware/TrackPageViews.php(17): Illuminate\\Pipeline\\Pipeline->Illuminate\\Pipeline\\{closure}(Object(Illuminate\\Http\\Request))
#31 /Users/Masry/GitHub/ntegty/vendor/laravel/framework/src/Illuminate/Pipeline/Pipeline.php(183): App\\Http\\Middleware\\TrackPageViews->handle(Object(Illuminate\\Http\\Request), Object(Closure))
#32 /Users/Masry/GitHub/ntegty/vendor/laravel/framework/src/Illuminate/Routing/Middleware/SubstituteBindings.php(50): Illuminate\\Pipeline\\Pipeline->Illuminate\\Pipeline\\{closure}(Object(Illuminate\\Http\\Request))
#33 /Users/Masry/GitHub/ntegty/vendor/laravel/framework/src/Illuminate/Pipeline/Pipeline.php(183): Illuminate\\Routing\\Middleware\\SubstituteBindings->handle(Object(Illuminate\\Http\\Request), Object(Closure))
#34 /Users/Masry/GitHub/ntegty/vendor/laravel/framework/src/Illuminate/Foundation/Http/Middleware/VerifyCsrfToken.php(78): Illuminate\\Pipeline\\Pipeline->Illuminate\\Pipeline\\{closure}(Object(Illuminate\\Http\\Request))
#35 /Users/Masry/GitHub/ntegty/vendor/laravel/framework/src/Illuminate/Pipeline/Pipeline.php(183): Illuminate\\Foundation\\Http\\Middleware\\VerifyCsrfToken->handle(Object(Illuminate\\Http\\Request), Object(Closure))
#36 /Users/Masry/GitHub/ntegty/vendor/laravel/framework/src/Illuminate/View/Middleware/ShareErrorsFromSession.php(49): Illuminate\\Pipeline\\Pipeline->Illuminate\\Pipeline\\{closure}(Object(Illuminate\\Http\\Request))
#37 /Users/Masry/GitHub/ntegty/vendor/laravel/framework/src/Illuminate/Pipeline/Pipeline.php(183): Illuminate\\View\\Middleware\\ShareErrorsFromSession->handle(Object(Illuminate\\Http\\Request), Object(Closure))
#38 /Users/Masry/GitHub/ntegty/vendor/laravel/framework/src/Illuminate/Session/Middleware/StartSession.php(121): Illuminate\\Pipeline\\Pipeline->Illuminate\\Pipeline\\{closure}(Object(Illuminate\\Http\\Request))
#39 /Users/Masry/GitHub/ntegty/vendor/laravel/framework/src/Illuminate/Session/Middleware/StartSession.php(64): Illuminate\\Session\\Middleware\\StartSession->handleStatefulRequest(Object(Illuminate\\Http\\Request), Object(Illuminate\\Session\\Store), Object(Closure))
#40 /Users/Masry/GitHub/ntegty/vendor/laravel/framework/src/Illuminate/Pipeline/Pipeline.php(183): Illuminate\\Session\\Middleware\\StartSession->handle(Object(Illuminate\\Http\\Request), Object(Closure))
#41 /Users/Masry/GitHub/ntegty/vendor/laravel/framework/src/Illuminate/Cookie/Middleware/AddQueuedCookiesToResponse.php(37): Illuminate\\Pipeline\\Pipeline->Illuminate\\Pipeline\\{closure}(Object(Illuminate\\Http\\Request))
#42 /Users/Masry/GitHub/ntegty/vendor/laravel/framework/src/Illuminate/Pipeline/Pipeline.php(183): Illuminate\\Cookie\\Middleware\\AddQueuedCookiesToResponse->handle(Object(Illuminate\\Http\\Request), Object(Closure))
#43 /Users/Masry/GitHub/ntegty/vendor/laravel/framework/src/Illuminate/Cookie/Middleware/EncryptCookies.php(67): Illuminate\\Pipeline\\Pipeline->Illuminate\\Pipeline\\{closure}(Object(Illuminate\\Http\\Request))
#44 /Users/Masry/GitHub/ntegty/vendor/laravel/framework/src/Illuminate/Pipeline/Pipeline.php(183): Illuminate\\Cookie\\Middleware\\EncryptCookies->handle(Object(Illuminate\\Http\\Request), Object(Closure))
#45 /Users/Masry/GitHub/ntegty/vendor/laravel/framework/src/Illuminate/Pipeline/Pipeline.php(119): Illuminate\\Pipeline\\Pipeline->Illuminate\\Pipeline\\{closure}(Object(Illuminate\\Http\\Request))
#46 /Users/Masry/GitHub/ntegty/vendor/laravel/framework/src/Illuminate/Routing/Router.php(805): Illuminate\\Pipeline\\Pipeline->then(Object(Closure))
#47 /Users/Masry/GitHub/ntegty/vendor/laravel/framework/src/Illuminate/Routing/Router.php(784): Illuminate\\Routing\\Router->runRouteWithinStack(Object(Illuminate\\Routing\\Route), Object(Illuminate\\Http\\Request))
#48 /Users/Masry/GitHub/ntegty/vendor/laravel/framework/src/Illuminate/Routing/Router.php(748): Illuminate\\Routing\\Router->runRoute(Object(Illuminate\\Http\\Request), Object(Illuminate\\Routing\\Route))
#49 /Users/Masry/GitHub/ntegty/vendor/laravel/framework/src/Illuminate/Routing/Router.php(737): Illuminate\\Routing\\Router->dispatchToRoute(Object(Illuminate\\Http\\Request))
#50 /Users/Masry/GitHub/ntegty/vendor/laravel/framework/src/Illuminate/Foundation/Http/Kernel.php(200): Illuminate\\Routing\\Router->dispatch(Object(Illuminate\\Http\\Request))
#51 /Users/Masry/GitHub/ntegty/vendor/laravel/framework/src/Illuminate/Pipeline/Pipeline.php(144): Illuminate\\Foundation\\Http\\Kernel->Illuminate\\Foundation\\Http\\{closure}(Object(Illuminate\\Http\\Request))
#52 /Users/Masry/GitHub/ntegty/vendor/livewire/livewire/src/Features/SupportDisablingBackButtonCache/DisableBackButtonCacheMiddleware.php(19): Illuminate\\Pipeline\\Pipeline->Illuminate\\Pipeline\\{closure}(Object(Illuminate\\Http\\Request))
#53 /Users/Masry/GitHub/ntegty/vendor/laravel/framework/src/Illuminate/Pipeline/Pipeline.php(183): Livewire\\Features\\SupportDisablingBackButtonCache\\DisableBackButtonCacheMiddleware->handle(Object(Illuminate\\Http\\Request), Object(Closure))
#54 /Users/Masry/GitHub/ntegty/app/Http/Middleware/SeoHeadersMiddleware.php(18): Illuminate\\Pipeline\\Pipeline->Illuminate\\Pipeline\\{closure}(Object(Illuminate\\Http\\Request))
#55 /Users/Masry/GitHub/ntegty/vendor/laravel/framework/src/Illuminate/Pipeline/Pipeline.php(183): App\\Http\\Middleware\\SeoHeadersMiddleware->handle(Object(Illuminate\\Http\\Request), Object(Closure))
#56 /Users/Masry/GitHub/ntegty/vendor/laravel/framework/src/Illuminate/Foundation/Http/Middleware/TransformsRequest.php(21): Illuminate\\Pipeline\\Pipeline->Illuminate\\Pipeline\\{closure}(Object(Illuminate\\Http\\Request))
#57 /Users/Masry/GitHub/ntegty/vendor/laravel/framework/src/Illuminate/Foundation/Http/Middleware/ConvertEmptyStringsToNull.php(31): Illuminate\\Foundation\\Http\\Middleware\\TransformsRequest->handle(Object(Illuminate\\Http\\Request), Object(Closure))
#58 /Users/Masry/GitHub/ntegty/vendor/laravel/framework/src/Illuminate/Pipeline/Pipeline.php(183): Illuminate\\Foundation\\Http\\Middleware\\ConvertEmptyStringsToNull->handle(Object(Illuminate\\Http\\Request), Object(Closure))
#59 /Users/Masry/GitHub/ntegty/vendor/laravel/framework/src/Illuminate/Foundation/Http/Middleware/TransformsRequest.php(21): Illuminate\\Pipeline\\Pipeline->Illuminate\\Pipeline\\{closure}(Object(Illuminate\\Http\\Request))
#60 /Users/Masry/GitHub/ntegty/vendor/laravel/framework/src/Illuminate/Foundation/Http/Middleware/TrimStrings.php(40): Illuminate\\Foundation\\Http\\Middleware\\TransformsRequest->handle(Object(Illuminate\\Http\\Request), Object(Closure))
#61 /Users/Masry/GitHub/ntegty/vendor/laravel/framework/src/Illuminate/Pipeline/Pipeline.php(183): Illuminate\\Foundation\\Http\\Middleware\\TrimStrings->handle(Object(Illuminate\\Http\\Request), Object(Closure))
#62 /Users/Masry/GitHub/ntegty/vendor/laravel/framework/src/Illuminate/Foundation/Http/Middleware/ValidatePostSize.php(27): Illuminate\\Pipeline\\Pipeline->Illuminate\\Pipeline\\{closure}(Object(Illuminate\\Http\\Request))
#63 /Users/Masry/GitHub/ntegty/vendor/laravel/framework/src/Illuminate/Pipeline/Pipeline.php(183): Illuminate\\Foundation\\Http\\Middleware\\ValidatePostSize->handle(Object(Illuminate\\Http\\Request), Object(Closure))
#64 /Users/Masry/GitHub/ntegty/vendor/laravel/framework/src/Illuminate/Foundation/Http/Middleware/PreventRequestsDuringMaintenance.php(99): Illuminate\\Pipeline\\Pipeline->Illuminate\\Pipeline\\{closure}(Object(Illuminate\\Http\\Request))
#65 /Users/Masry/GitHub/ntegty/vendor/laravel/framework/src/Illuminate/Pipeline/Pipeline.php(183): Illuminate\\Foundation\\Http\\Middleware\\PreventRequestsDuringMaintenance->handle(Object(Illuminate\\Http\\Request), Object(Closure))
#66 /Users/Masry/GitHub/ntegty/vendor/laravel/framework/src/Illuminate/Http/Middleware/HandleCors.php(49): Illuminate\\Pipeline\\Pipeline->Illuminate\\Pipeline\\{closure}(Object(Illuminate\\Http\\Request))
#67 /Users/Masry/GitHub/ntegty/vendor/laravel/framework/src/Illuminate/Pipeline/Pipeline.php(183): Illuminate\\Http\\Middleware\\HandleCors->handle(Object(Illuminate\\Http\\Request), Object(Closure))
#68 /Users/Masry/GitHub/ntegty/vendor/laravel/framework/src/Illuminate/Http/Middleware/TrustProxies.php(39): Illuminate\\Pipeline\\Pipeline->Illuminate\\Pipeline\\{closure}(Object(Illuminate\\Http\\Request))
#69 /Users/Masry/GitHub/ntegty/vendor/laravel/framework/src/Illuminate/Pipeline/Pipeline.php(183): Illuminate\\Http\\Middleware\\TrustProxies->handle(Object(Illuminate\\Http\\Request), Object(Closure))
#70 /Users/Masry/GitHub/ntegty/vendor/laravel/framework/src/Illuminate/Pipeline/Pipeline.php(119): Illuminate\\Pipeline\\Pipeline->Illuminate\\Pipeline\\{closure}(Object(Illuminate\\Http\\Request))
#71 /Users/Masry/GitHub/ntegty/vendor/laravel/framework/src/Illuminate/Foundation/Http/Kernel.php(175): Illuminate\\Pipeline\\Pipeline->then(Object(Closure))
#72 /Users/Masry/GitHub/ntegty/vendor/laravel/framework/src/Illuminate/Foundation/Http/Kernel.php(144): Illuminate\\Foundation\\Http\\Kernel->sendRequestThroughRouter(Object(Illuminate\\Http\\Request))
#73 /Users/Masry/GitHub/ntegty/index.php(51): Illuminate\\Foundation\\Http\\Kernel->handle(Object(Illuminate\\Http\\Request))
#74 {main}
"} 
[2026-04-13 20:42:07] local.ERROR: PageView tracking error: SQLSTATE[HY000] [2002] Connection refused (Connection: mysql, SQL: insert into `page_views` (`path`, `page_type`, `governorate_id`, `ip_address`, `user_agent`, `referer`, `device_type`, `browser`, `updated_at`, `created_at`) values (/, home, ?, ::1, Mozilla/5.0 (Macintosh; Intel Mac OS X 10_15_7) AppleWebKit/537.36 (KHTML, like Gecko) Chrome/147.0.0.0 Safari/537.36, , desktop, Chrome, 2026-04-13 20:42:07, 2026-04-13 20:42:07))  
[2026-04-13 20:44:01] local.ERROR: This database driver does not support fulltext index creation. {"exception":"[object] (RuntimeException(code: 0): This database driver does not support fulltext index creation. at /Users/Masry/GitHub/ntegty/vendor/laravel/framework/src/Illuminate/Database/Schema/Grammars/Grammar.php:108)
[stacktrace]
#0 /Users/Masry/GitHub/ntegty/vendor/laravel/framework/src/Illuminate/Database/Schema/Blueprint.php(140): Illuminate\\Database\\Schema\\Grammars\\Grammar->compileFulltext(Object(Illuminate\\Database\\Schema\\Blueprint), Object(Illuminate\\Support\\Fluent), Object(Illuminate\\Database\\SQLiteConnection))
#1 /Users/Masry/GitHub/ntegty/vendor/laravel/framework/src/Illuminate/Database/Schema/Blueprint.php(109): Illuminate\\Database\\Schema\\Blueprint->toSql(Object(Illuminate\\Database\\SQLiteConnection), Object(Illuminate\\Database\\Schema\\Grammars\\SQLiteGrammar))
#2 /Users/Masry/GitHub/ntegty/vendor/laravel/framework/src/Illuminate/Database/Schema/Builder.php(602): Illuminate\\Database\\Schema\\Blueprint->build(Object(Illuminate\\Database\\SQLiteConnection), Object(Illuminate\\Database\\Schema\\Grammars\\SQLiteGrammar))
#3 /Users/Masry/GitHub/ntegty/vendor/laravel/framework/src/Illuminate/Database/Schema/Builder.php(444): Illuminate\\Database\\Schema\\Builder->build(Object(Illuminate\\Database\\Schema\\Blueprint))
#4 /Users/Masry/GitHub/ntegty/vendor/laravel/framework/src/Illuminate/Support/Facades/Facade.php(355): Illuminate\\Database\\Schema\\Builder->table('results', Object(Closure))
#5 /Users/Masry/GitHub/ntegty/database/migrations/2025_12_06_152500_add_fulltext_index_to_results_table.php(14): Illuminate\\Support\\Facades\\Facade::__callStatic('table', Array)
#6 /Users/Masry/GitHub/ntegty/vendor/laravel/framework/src/Illuminate/Database/Migrations/Migrator.php(501): Illuminate\\Database\\Migrations\\Migration@anonymous->up()
#7 /Users/Masry/GitHub/ntegty/vendor/laravel/framework/src/Illuminate/Database/Migrations/Migrator.php(418): Illuminate\\Database\\Migrations\\Migrator->runMethod(Object(Illuminate\\Database\\SQLiteConnection), Object(Illuminate\\Database\\Migrations\\Migration@anonymous), 'up')
#8 /Users/Masry/GitHub/ntegty/vendor/laravel/framework/src/Illuminate/Database/Migrations/Migrator.php(427): Illuminate\\Database\\Migrations\\Migrator->Illuminate\\Database\\Migrations\\{closure}()
#9 /Users/Masry/GitHub/ntegty/vendor/laravel/framework/src/Illuminate/Database/Migrations/Migrator.php(224): Illuminate\\Database\\Migrations\\Migrator->runMigration(Object(Illuminate\\Database\\Migrations\\Migration@anonymous), 'up')
#10 /Users/Masry/GitHub/ntegty/vendor/laravel/framework/src/Illuminate/Console/View/Components/Task.php(37): Illuminate\\Database\\Migrations\\Migrator->Illuminate\\Database\\Migrations\\{closure}()
#11 /Users/Masry/GitHub/ntegty/vendor/laravel/framework/src/Illuminate/Database/Migrations/Migrator.php(783): Illuminate\\Console\\View\\Components\\Task->render('2025_12_06_1525...', Object(Closure))
#12 /Users/Masry/GitHub/ntegty/vendor/laravel/framework/src/Illuminate/Database/Migrations/Migrator.php(224): Illuminate\\Database\\Migrations\\Migrator->write('Illuminate\\\\Cons...', '2025_12_06_1525...', Object(Closure))
#13 /Users/Masry/GitHub/ntegty/vendor/laravel/framework/src/Illuminate/Database/Migrations/Migrator.php(189): Illuminate\\Database\\Migrations\\Migrator->runUp('/Users/Masry/Gi...', 1, false)
#14 /Users/Masry/GitHub/ntegty/vendor/laravel/framework/src/Illuminate/Database/Migrations/Migrator.php(132): Illuminate\\Database\\Migrations\\Migrator->runPending(Array, Array)
#15 /Users/Masry/GitHub/ntegty/vendor/laravel/framework/src/Illuminate/Database/Console/Migrations/MigrateCommand.php(90): Illuminate\\Database\\Migrations\\Migrator->run(Array, Array)
#16 /Users/Masry/GitHub/ntegty/vendor/laravel/framework/src/Illuminate/Database/Migrations/Migrator.php(641): Illuminate\\Database\\Console\\Migrations\\MigrateCommand->Illuminate\\Database\\Console\\Migrations\\{closure}()
#17 /Users/Masry/GitHub/ntegty/vendor/laravel/framework/src/Illuminate/Database/Console/Migrations/MigrateCommand.php(83): Illuminate\\Database\\Migrations\\Migrator->usingConnection(NULL, Object(Closure))
#18 /Users/Masry/GitHub/ntegty/vendor/laravel/framework/src/Illuminate/Container/BoundMethod.php(36): Illuminate\\Database\\Console\\Migrations\\MigrateCommand->handle()
#19 /Users/Masry/GitHub/ntegty/vendor/laravel/framework/src/Illuminate/Container/Util.php(41): Illuminate\\Container\\BoundMethod::Illuminate\\Container\\{closure}()
#20 /Users/Masry/GitHub/ntegty/vendor/laravel/framework/src/Illuminate/Container/BoundMethod.php(93): Illuminate\\Container\\Util::unwrapIfClosure(Object(Closure))
#21 /Users/Masry/GitHub/ntegty/vendor/laravel/framework/src/Illuminate/Container/BoundMethod.php(35): Illuminate\\Container\\BoundMethod::callBoundMethod(Object(Illuminate\\Foundation\\Application), Array, Object(Closure))
#22 /Users/Masry/GitHub/ntegty/vendor/laravel/framework/src/Illuminate/Container/Container.php(662): Illuminate\\Container\\BoundMethod::call(Object(Illuminate\\Foundation\\Application), Array, Array, NULL)
#23 /Users/Masry/GitHub/ntegty/vendor/laravel/framework/src/Illuminate/Console/Command.php(211): Illuminate\\Container\\Container->call(Array)
#24 /Users/Masry/GitHub/ntegty/vendor/symfony/console/Command/Command.php(326): Illuminate\\Console\\Command->execute(Object(Symfony\\Component\\Console\\Input\\ArgvInput), Object(Illuminate\\Console\\OutputStyle))
#25 /Users/Masry/GitHub/ntegty/vendor/laravel/framework/src/Illuminate/Console/Command.php(180): Symfony\\Component\\Console\\Command\\Command->run(Object(Symfony\\Component\\Console\\Input\\ArgvInput), Object(Illuminate\\Console\\OutputStyle))
#26 /Users/Masry/GitHub/ntegty/vendor/symfony/console/Application.php(1088): Illuminate\\Console\\Command->run(Object(Symfony\\Component\\Console\\Input\\ArgvInput), Object(Symfony\\Component\\Console\\Output\\ConsoleOutput))
#27 /Users/Masry/GitHub/ntegty/vendor/symfony/console/Application.php(324): Symfony\\Component\\Console\\Application->doRunCommand(Object(Illuminate\\Database\\Console\\Migrations\\MigrateCommand), Object(Symfony\\Component\\Console\\Input\\ArgvInput), Object(Symfony\\Component\\Console\\Output\\ConsoleOutput))
#28 /Users/Masry/GitHub/ntegty/vendor/symfony/console/Application.php(175): Symfony\\Component\\Console\\Application->doRun(Object(Symfony\\Component\\Console\\Input\\ArgvInput), Object(Symfony\\Component\\Console\\Output\\ConsoleOutput))
#29 /Users/Masry/GitHub/ntegty/vendor/laravel/framework/src/Illuminate/Foundation/Console/Kernel.php(201): Symfony\\Component\\Console\\Application->run(Object(Symfony\\Component\\Console\\Input\\ArgvInput), Object(Symfony\\Component\\Console\\Output\\ConsoleOutput))
#30 /Users/Masry/GitHub/ntegty/artisan(35): Illuminate\\Foundation\\Console\\Kernel->handle(Object(Symfony\\Component\\Console\\Input\\ArgvInput), Object(Symfony\\Component\\Console\\Output\\ConsoleOutput))
#31 {main}
"} 
[2026-04-13 20:44:26] local.ERROR: SQLSTATE[HY000]: General error: 1 near "MODIFY": syntax error (Connection: sqlite, SQL: ALTER TABLE exam_types MODIFY COLUMN result_service_type ENUM('search', 'embed', 'pdf', 'governorate_table') DEFAULT 'search') {"exception":"[object] (Illuminate\\Database\\QueryException(code: HY000): SQLSTATE[HY000]: General error: 1 near \"MODIFY\": syntax error (Connection: sqlite, SQL: ALTER TABLE exam_types MODIFY COLUMN result_service_type ENUM('search', 'embed', 'pdf', 'governorate_table') DEFAULT 'search') at /Users/Masry/GitHub/ntegty/vendor/laravel/framework/src/Illuminate/Database/Connection.php:829)
[stacktrace]
#0 /Users/Masry/GitHub/ntegty/vendor/laravel/framework/src/Illuminate/Database/Connection.php(783): Illuminate\\Database\\Connection->runQueryCallback('ALTER TABLE exa...', Array, Object(Closure))
#1 /Users/Masry/GitHub/ntegty/vendor/laravel/framework/src/Illuminate/Database/Connection.php(576): Illuminate\\Database\\Connection->run('ALTER TABLE exa...', Array, Object(Closure))
#2 /Users/Masry/GitHub/ntegty/vendor/laravel/framework/src/Illuminate/Database/DatabaseManager.php(509): Illuminate\\Database\\Connection->statement('ALTER TABLE exa...')
#3 /Users/Masry/GitHub/ntegty/vendor/laravel/framework/src/Illuminate/Support/Facades/Facade.php(355): Illuminate\\Database\\DatabaseManager->__call('statement', Array)
#4 /Users/Masry/GitHub/ntegty/database/migrations/2025_12_09_191903_modify_result_service_type_enum_in_exam_types_table.php(16): Illuminate\\Support\\Facades\\Facade::__callStatic('statement', Array)
#5 /Users/Masry/GitHub/ntegty/vendor/laravel/framework/src/Illuminate/Database/Migrations/Migrator.php(501): Illuminate\\Database\\Migrations\\Migration@anonymous->up()
#6 /Users/Masry/GitHub/ntegty/vendor/laravel/framework/src/Illuminate/Database/Migrations/Migrator.php(418): Illuminate\\Database\\Migrations\\Migrator->runMethod(Object(Illuminate\\Database\\SQLiteConnection), Object(Illuminate\\Database\\Migrations\\Migration@anonymous), 'up')
#7 /Users/Masry/GitHub/ntegty/vendor/laravel/framework/src/Illuminate/Database/Migrations/Migrator.php(427): Illuminate\\Database\\Migrations\\Migrator->Illuminate\\Database\\Migrations\\{closure}()
#8 /Users/Masry/GitHub/ntegty/vendor/laravel/framework/src/Illuminate/Database/Migrations/Migrator.php(224): Illuminate\\Database\\Migrations\\Migrator->runMigration(Object(Illuminate\\Database\\Migrations\\Migration@anonymous), 'up')
#9 /Users/Masry/GitHub/ntegty/vendor/laravel/framework/src/Illuminate/Console/View/Components/Task.php(37): Illuminate\\Database\\Migrations\\Migrator->Illuminate\\Database\\Migrations\\{closure}()
#10 /Users/Masry/GitHub/ntegty/vendor/laravel/framework/src/Illuminate/Database/Migrations/Migrator.php(783): Illuminate\\Console\\View\\Components\\Task->render('2025_12_09_1919...', Object(Closure))
#11 /Users/Masry/GitHub/ntegty/vendor/laravel/framework/src/Illuminate/Database/Migrations/Migrator.php(224): Illuminate\\Database\\Migrations\\Migrator->write('Illuminate\\\\Cons...', '2025_12_09_1919...', Object(Closure))
#12 /Users/Masry/GitHub/ntegty/vendor/laravel/framework/src/Illuminate/Database/Migrations/Migrator.php(189): Illuminate\\Database\\Migrations\\Migrator->runUp('/Users/Masry/Gi...', 2, false)
#13 /Users/Masry/GitHub/ntegty/vendor/laravel/framework/src/Illuminate/Database/Migrations/Migrator.php(132): Illuminate\\Database\\Migrations\\Migrator->runPending(Array, Array)
#14 /Users/Masry/GitHub/ntegty/vendor/laravel/framework/src/Illuminate/Database/Console/Migrations/MigrateCommand.php(90): Illuminate\\Database\\Migrations\\Migrator->run(Array, Array)
#15 /Users/Masry/GitHub/ntegty/vendor/laravel/framework/src/Illuminate/Database/Migrations/Migrator.php(641): Illuminate\\Database\\Console\\Migrations\\MigrateCommand->Illuminate\\Database\\Console\\Migrations\\{closure}()
#16 /Users/Masry/GitHub/ntegty/vendor/laravel/framework/src/Illuminate/Database/Console/Migrations/MigrateCommand.php(83): Illuminate\\Database\\Migrations\\Migrator->usingConnection(NULL, Object(Closure))
#17 /Users/Masry/GitHub/ntegty/vendor/laravel/framework/src/Illuminate/Container/BoundMethod.php(36): Illuminate\\Database\\Console\\Migrations\\MigrateCommand->handle()
#18 /Users/Masry/GitHub/ntegty/vendor/laravel/framework/src/Illuminate/Container/Util.php(41): Illuminate\\Container\\BoundMethod::Illuminate\\Container\\{closure}()
#19 /Users/Masry/GitHub/ntegty/vendor/laravel/framework/src/Illuminate/Container/BoundMethod.php(93): Illuminate\\Container\\Util::unwrapIfClosure(Object(Closure))
#20 /Users/Masry/GitHub/ntegty/vendor/laravel/framework/src/Illuminate/Container/BoundMethod.php(35): Illuminate\\Container\\BoundMethod::callBoundMethod(Object(Illuminate\\Foundation\\Application), Array, Object(Closure))
#21 /Users/Masry/GitHub/ntegty/vendor/laravel/framework/src/Illuminate/Container/Container.php(662): Illuminate\\Container\\BoundMethod::call(Object(Illuminate\\Foundation\\Application), Array, Array, NULL)
#22 /Users/Masry/GitHub/ntegty/vendor/laravel/framework/src/Illuminate/Console/Command.php(211): Illuminate\\Container\\Container->call(Array)
#23 /Users/Masry/GitHub/ntegty/vendor/symfony/console/Command/Command.php(326): Illuminate\\Console\\Command->execute(Object(Symfony\\Component\\Console\\Input\\ArgvInput), Object(Illuminate\\Console\\OutputStyle))
#24 /Users/Masry/GitHub/ntegty/vendor/laravel/framework/src/Illuminate/Console/Command.php(180): Symfony\\Component\\Console\\Command\\Command->run(Object(Symfony\\Component\\Console\\Input\\ArgvInput), Object(Illuminate\\Console\\OutputStyle))
#25 /Users/Masry/GitHub/ntegty/vendor/symfony/console/Application.php(1088): Illuminate\\Console\\Command->run(Object(Symfony\\Component\\Console\\Input\\ArgvInput), Object(Symfony\\Component\\Console\\Output\\ConsoleOutput))
#26 /Users/Masry/GitHub/ntegty/vendor/symfony/console/Application.php(324): Symfony\\Component\\Console\\Application->doRunCommand(Object(Illuminate\\Database\\Console\\Migrations\\MigrateCommand), Object(Symfony\\Component\\Console\\Input\\ArgvInput), Object(Symfony\\Component\\Console\\Output\\ConsoleOutput))
#27 /Users/Masry/GitHub/ntegty/vendor/symfony/console/Application.php(175): Symfony\\Component\\Console\\Application->doRun(Object(Symfony\\Component\\Console\\Input\\ArgvInput), Object(Symfony\\Component\\Console\\Output\\ConsoleOutput))
#28 /Users/Masry/GitHub/ntegty/vendor/laravel/framework/src/Illuminate/Foundation/Console/Kernel.php(201): Symfony\\Component\\Console\\Application->run(Object(Symfony\\Component\\Console\\Input\\ArgvInput), Object(Symfony\\Component\\Console\\Output\\ConsoleOutput))
#29 /Users/Masry/GitHub/ntegty/artisan(35): Illuminate\\Foundation\\Console\\Kernel->handle(Object(Symfony\\Component\\Console\\Input\\ArgvInput), Object(Symfony\\Component\\Console\\Output\\ConsoleOutput))
#30 {main}

[previous exception] [object] (PDOException(code: HY000): SQLSTATE[HY000]: General error: 1 near \"MODIFY\": syntax error at /Users/Masry/GitHub/ntegty/vendor/laravel/framework/src/Illuminate/Database/Connection.php:581)
[stacktrace]
#0 /Users/Masry/GitHub/ntegty/vendor/laravel/framework/src/Illuminate/Database/Connection.php(581): PDO->prepare('ALTER TABLE exa...')
#1 /Users/Masry/GitHub/ntegty/vendor/laravel/framework/src/Illuminate/Database/Connection.php(816): Illuminate\\Database\\Connection->Illuminate\\Database\\{closure}('ALTER TABLE exa...', Array)
#2 /Users/Masry/GitHub/ntegty/vendor/laravel/framework/src/Illuminate/Database/Connection.php(783): Illuminate\\Database\\Connection->runQueryCallback('ALTER TABLE exa...', Array, Object(Closure))
#3 /Users/Masry/GitHub/ntegty/vendor/laravel/framework/src/Illuminate/Database/Connection.php(576): Illuminate\\Database\\Connection->run('ALTER TABLE exa...', Array, Object(Closure))
#4 /Users/Masry/GitHub/ntegty/vendor/laravel/framework/src/Illuminate/Database/DatabaseManager.php(509): Illuminate\\Database\\Connection->statement('ALTER TABLE exa...')
#5 /Users/Masry/GitHub/ntegty/vendor/laravel/framework/src/Illuminate/Support/Facades/Facade.php(355): Illuminate\\Database\\DatabaseManager->__call('statement', Array)
#6 /Users/Masry/GitHub/ntegty/database/migrations/2025_12_09_191903_modify_result_service_type_enum_in_exam_types_table.php(16): Illuminate\\Support\\Facades\\Facade::__callStatic('statement', Array)
#7 /Users/Masry/GitHub/ntegty/vendor/laravel/framework/src/Illuminate/Database/Migrations/Migrator.php(501): Illuminate\\Database\\Migrations\\Migration@anonymous->up()
#8 /Users/Masry/GitHub/ntegty/vendor/laravel/framework/src/Illuminate/Database/Migrations/Migrator.php(418): Illuminate\\Database\\Migrations\\Migrator->runMethod(Object(Illuminate\\Database\\SQLiteConnection), Object(Illuminate\\Database\\Migrations\\Migration@anonymous), 'up')
#9 /Users/Masry/GitHub/ntegty/vendor/laravel/framework/src/Illuminate/Database/Migrations/Migrator.php(427): Illuminate\\Database\\Migrations\\Migrator->Illuminate\\Database\\Migrations\\{closure}()
#10 /Users/Masry/GitHub/ntegty/vendor/laravel/framework/src/Illuminate/Database/Migrations/Migrator.php(224): Illuminate\\Database\\Migrations\\Migrator->runMigration(Object(Illuminate\\Database\\Migrations\\Migration@anonymous), 'up')
#11 /Users/Masry/GitHub/ntegty/vendor/laravel/framework/src/Illuminate/Console/View/Components/Task.php(37): Illuminate\\Database\\Migrations\\Migrator->Illuminate\\Database\\Migrations\\{closure}()
#12 /Users/Masry/GitHub/ntegty/vendor/laravel/framework/src/Illuminate/Database/Migrations/Migrator.php(783): Illuminate\\Console\\View\\Components\\Task->render('2025_12_09_1919...', Object(Closure))
#13 /Users/Masry/GitHub/ntegty/vendor/laravel/framework/src/Illuminate/Database/Migrations/Migrator.php(224): Illuminate\\Database\\Migrations\\Migrator->write('Illuminate\\\\Cons...', '2025_12_09_1919...', Object(Closure))
#14 /Users/Masry/GitHub/ntegty/vendor/laravel/framework/src/Illuminate/Database/Migrations/Migrator.php(189): Illuminate\\Database\\Migrations\\Migrator->runUp('/Users/Masry/Gi...', 2, false)
#15 /Users/Masry/GitHub/ntegty/vendor/laravel/framework/src/Illuminate/Database/Migrations/Migrator.php(132): Illuminate\\Database\\Migrations\\Migrator->runPending(Array, Array)
#16 /Users/Masry/GitHub/ntegty/vendor/laravel/framework/src/Illuminate/Database/Console/Migrations/MigrateCommand.php(90): Illuminate\\Database\\Migrations\\Migrator->run(Array, Array)
#17 /Users/Masry/GitHub/ntegty/vendor/laravel/framework/src/Illuminate/Database/Migrations/Migrator.php(641): Illuminate\\Database\\Console\\Migrations\\MigrateCommand->Illuminate\\Database\\Console\\Migrations\\{closure}()
#18 /Users/Masry/GitHub/ntegty/vendor/laravel/framework/src/Illuminate/Database/Console/Migrations/MigrateCommand.php(83): Illuminate\\Database\\Migrations\\Migrator->usingConnection(NULL, Object(Closure))
#19 /Users/Masry/GitHub/ntegty/vendor/laravel/framework/src/Illuminate/Container/BoundMethod.php(36): Illuminate\\Database\\Console\\Migrations\\MigrateCommand->handle()
#20 /Users/Masry/GitHub/ntegty/vendor/laravel/framework/src/Illuminate/Container/Util.php(41): Illuminate\\Container\\BoundMethod::Illuminate\\Container\\{closure}()
#21 /Users/Masry/GitHub/ntegty/vendor/laravel/framework/src/Illuminate/Container/BoundMethod.php(93): Illuminate\\Container\\Util::unwrapIfClosure(Object(Closure))
#22 /Users/Masry/GitHub/ntegty/vendor/laravel/framework/src/Illuminate/Container/BoundMethod.php(35): Illuminate\\Container\\BoundMethod::callBoundMethod(Object(Illuminate\\Foundation\\Application), Array, Object(Closure))
#23 /Users/Masry/GitHub/ntegty/vendor/laravel/framework/src/Illuminate/Container/Container.php(662): Illuminate\\Container\\BoundMethod::call(Object(Illuminate\\Foundation\\Application), Array, Array, NULL)
#24 /Users/Masry/GitHub/ntegty/vendor/laravel/framework/src/Illuminate/Console/Command.php(211): Illuminate\\Container\\Container->call(Array)
#25 /Users/Masry/GitHub/ntegty/vendor/symfony/console/Command/Command.php(326): Illuminate\\Console\\Command->execute(Object(Symfony\\Component\\Console\\Input\\ArgvInput), Object(Illuminate\\Console\\OutputStyle))
#26 /Users/Masry/GitHub/ntegty/vendor/laravel/framework/src/Illuminate/Console/Command.php(180): Symfony\\Component\\Console\\Command\\Command->run(Object(Symfony\\Component\\Console\\Input\\ArgvInput), Object(Illuminate\\Console\\OutputStyle))
#27 /Users/Masry/GitHub/ntegty/vendor/symfony/console/Application.php(1088): Illuminate\\Console\\Command->run(Object(Symfony\\Component\\Console\\Input\\ArgvInput), Object(Symfony\\Component\\Console\\Output\\ConsoleOutput))
#28 /Users/Masry/GitHub/ntegty/vendor/symfony/console/Application.php(324): Symfony\\Component\\Console\\Application->doRunCommand(Object(Illuminate\\Database\\Console\\Migrations\\MigrateCommand), Object(Symfony\\Component\\Console\\Input\\ArgvInput), Object(Symfony\\Component\\Console\\Output\\ConsoleOutput))
#29 /Users/Masry/GitHub/ntegty/vendor/symfony/console/Application.php(175): Symfony\\Component\\Console\\Application->doRun(Object(Symfony\\Component\\Console\\Input\\ArgvInput), Object(Symfony\\Component\\Console\\Output\\ConsoleOutput))
#30 /Users/Masry/GitHub/ntegty/vendor/laravel/framework/src/Illuminate/Foundation/Console/Kernel.php(201): Symfony\\Component\\Console\\Application->run(Object(Symfony\\Component\\Console\\Input\\ArgvInput), Object(Symfony\\Component\\Console\\Output\\ConsoleOutput))
#31 /Users/Masry/GitHub/ntegty/artisan(35): Illuminate\\Foundation\\Console\\Kernel->handle(Object(Symfony\\Component\\Console\\Input\\ArgvInput), Object(Symfony\\Component\\Console\\Output\\ConsoleOutput))
#32 {main}
"} 
[2026-04-13 20:47:40] local.ERROR: Class "Redis" not found {"exception":"[object] (Error(code: 0): Class \"Redis\" not found at /Users/Masry/GitHub/ntegty/vendor/laravel/framework/src/Illuminate/Redis/Connectors/PhpRedisConnector.php:79)
[stacktrace]
#0 /Users/Masry/GitHub/ntegty/vendor/laravel/framework/src/Illuminate/Redis/Connectors/PhpRedisConnector.php(33): Illuminate\\Redis\\Connectors\\PhpRedisConnector->createClient(Array)
#1 /Users/Masry/GitHub/ntegty/vendor/laravel/framework/src/Illuminate/Redis/Connectors/PhpRedisConnector.php(38): Illuminate\\Redis\\Connectors\\PhpRedisConnector->Illuminate\\Redis\\Connectors\\{closure}()
#2 /Users/Masry/GitHub/ntegty/vendor/laravel/framework/src/Illuminate/Redis/RedisManager.php(110): Illuminate\\Redis\\Connectors\\PhpRedisConnector->connect(Array, Array)
#3 /Users/Masry/GitHub/ntegty/vendor/laravel/framework/src/Illuminate/Redis/RedisManager.php(91): Illuminate\\Redis\\RedisManager->resolve('cache')
#4 /Users/Masry/GitHub/ntegty/vendor/laravel/framework/src/Illuminate/Support/Facades/Facade.php(355): Illuminate\\Redis\\RedisManager->connection('cache')
#5 /Users/Masry/GitHub/ntegty/app/Services/CacheService.php(321): Illuminate\\Support\\Facades\\Facade::__callStatic('connection', Array)
#6 /Users/Masry/GitHub/ntegty/app/Services/CacheService.php(283): App\\Services\\CacheService::deleteByPattern('sitemap:*')
#7 /Users/Masry/GitHub/ntegty/app/Observers/CacheInvalidationObserver.php(43): App\\Services\\CacheService::invalidateSitemap()
#8 /Users/Masry/GitHub/ntegty/app/Observers/CacheInvalidationObserver.php(14): App\\Observers\\CacheInvalidationObserver->invalidate(Object(App\\Models\\Country))
#9 /Users/Masry/GitHub/ntegty/vendor/laravel/framework/src/Illuminate/Events/Dispatcher.php(478): App\\Observers\\CacheInvalidationObserver->saved(Object(App\\Models\\Country))
#10 /Users/Masry/GitHub/ntegty/vendor/laravel/framework/src/Illuminate/Events/Dispatcher.php(286): Illuminate\\Events\\Dispatcher->Illuminate\\Events\\{closure}('eloquent.saved:...', Array)
#11 /Users/Masry/GitHub/ntegty/vendor/laravel/framework/src/Illuminate/Events/Dispatcher.php(266): Illuminate\\Events\\Dispatcher->invokeListeners('eloquent.saved:...', Array, false)
#12 /Users/Masry/GitHub/ntegty/vendor/laravel/framework/src/Illuminate/Database/Eloquent/Concerns/HasEvents.php(215): Illuminate\\Events\\Dispatcher->dispatch('eloquent.saved:...', Array)
#13 /Users/Masry/GitHub/ntegty/vendor/laravel/framework/src/Illuminate/Database/Eloquent/Model.php(1177): Illuminate\\Database\\Eloquent\\Model->fireModelEvent('saved', false)
#14 /Users/Masry/GitHub/ntegty/vendor/laravel/framework/src/Illuminate/Database/Eloquent/Model.php(1150): Illuminate\\Database\\Eloquent\\Model->finishSave(Array)
#15 /Users/Masry/GitHub/ntegty/vendor/laravel/framework/src/Illuminate/Database/Eloquent/Builder.php(1025): Illuminate\\Database\\Eloquent\\Model->save()
#16 /Users/Masry/GitHub/ntegty/vendor/laravel/framework/src/Illuminate/Support/helpers.php(320): Illuminate\\Database\\Eloquent\\Builder->Illuminate\\Database\\Eloquent\\{closure}(Object(App\\Models\\Country))
#17 /Users/Masry/GitHub/ntegty/vendor/laravel/framework/src/Illuminate/Database/Eloquent/Builder.php(1024): tap(Object(App\\Models\\Country), Object(Closure))
#18 /Users/Masry/GitHub/ntegty/vendor/laravel/framework/src/Illuminate/Database/Eloquent/Builder.php(585): Illuminate\\Database\\Eloquent\\Builder->create(Array)
#19 /Users/Masry/GitHub/ntegty/vendor/laravel/framework/src/Illuminate/Database/Eloquent/Builder.php(1728): Illuminate\\Database\\Eloquent\\Builder->Illuminate\\Database\\Eloquent\\{closure}()
#20 /Users/Masry/GitHub/ntegty/vendor/laravel/framework/src/Illuminate/Database/Eloquent/Builder.php(585): Illuminate\\Database\\Eloquent\\Builder->withSavepointIfNeeded(Object(Closure))
#21 /Users/Masry/GitHub/ntegty/vendor/laravel/framework/src/Illuminate/Database/Eloquent/Builder.php(572): Illuminate\\Database\\Eloquent\\Builder->createOrFirst(Array, Array)
#22 /Users/Masry/GitHub/ntegty/vendor/laravel/framework/src/Illuminate/Database/Eloquent/Builder.php(600): Illuminate\\Database\\Eloquent\\Builder->firstOrCreate(Array, Array)
#23 /Users/Masry/GitHub/ntegty/vendor/laravel/framework/src/Illuminate/Support/Traits/ForwardsCalls.php(23): Illuminate\\Database\\Eloquent\\Builder->updateOrCreate(Array, Array)
#24 /Users/Masry/GitHub/ntegty/vendor/laravel/framework/src/Illuminate/Database/Eloquent/Model.php(2335): Illuminate\\Database\\Eloquent\\Model->forwardCallTo(Object(Illuminate\\Database\\Eloquent\\Builder), 'updateOrCreate', Array)
#25 /Users/Masry/GitHub/ntegty/vendor/laravel/framework/src/Illuminate/Database/Eloquent/Model.php(2347): Illuminate\\Database\\Eloquent\\Model->__call('updateOrCreate', Array)
#26 /Users/Masry/GitHub/ntegty/database/seeders/CountrySeeder.php(33): Illuminate\\Database\\Eloquent\\Model::__callStatic('updateOrCreate', Array)
#27 /Users/Masry/GitHub/ntegty/vendor/laravel/framework/src/Illuminate/Container/BoundMethod.php(36): Database\\Seeders\\CountrySeeder->run()
#28 /Users/Masry/GitHub/ntegty/vendor/laravel/framework/src/Illuminate/Container/Util.php(41): Illuminate\\Container\\BoundMethod::Illuminate\\Container\\{closure}()
#29 /Users/Masry/GitHub/ntegty/vendor/laravel/framework/src/Illuminate/Container/BoundMethod.php(93): Illuminate\\Container\\Util::unwrapIfClosure(Object(Closure))
#30 /Users/Masry/GitHub/ntegty/vendor/laravel/framework/src/Illuminate/Container/BoundMethod.php(35): Illuminate\\Container\\BoundMethod::callBoundMethod(Object(Illuminate\\Foundation\\Application), Array, Object(Closure))
#31 /Users/Masry/GitHub/ntegty/vendor/laravel/framework/src/Illuminate/Container/Container.php(662): Illuminate\\Container\\BoundMethod::call(Object(Illuminate\\Foundation\\Application), Array, Array, NULL)
#32 /Users/Masry/GitHub/ntegty/vendor/laravel/framework/src/Illuminate/Database/Seeder.php(184): Illuminate\\Container\\Container->call(Array, Array)
#33 /Users/Masry/GitHub/ntegty/vendor/laravel/framework/src/Illuminate/Database/Seeder.php(193): Illuminate\\Database\\Seeder->Illuminate\\Database\\{closure}()
#34 /Users/Masry/GitHub/ntegty/vendor/laravel/framework/src/Illuminate/Database/Seeder.php(61): Illuminate\\Database\\Seeder->__invoke(Array)
#35 /Users/Masry/GitHub/ntegty/database/seeders/DatabaseSeeder.php(15): Illuminate\\Database\\Seeder->call('Database\\\\Seeder...')
#36 /Users/Masry/GitHub/ntegty/vendor/laravel/framework/src/Illuminate/Container/BoundMethod.php(36): Database\\Seeders\\DatabaseSeeder->run()
#37 /Users/Masry/GitHub/ntegty/vendor/laravel/framework/src/Illuminate/Container/Util.php(41): Illuminate\\Container\\BoundMethod::Illuminate\\Container\\{closure}()
#38 /Users/Masry/GitHub/ntegty/vendor/laravel/framework/src/Illuminate/Container/BoundMethod.php(93): Illuminate\\Container\\Util::unwrapIfClosure(Object(Closure))
#39 /Users/Masry/GitHub/ntegty/vendor/laravel/framework/src/Illuminate/Container/BoundMethod.php(35): Illuminate\\Container\\BoundMethod::callBoundMethod(Object(Illuminate\\Foundation\\Application), Array, Object(Closure))
#40 /Users/Masry/GitHub/ntegty/vendor/laravel/framework/src/Illuminate/Container/Container.php(662): Illuminate\\Container\\BoundMethod::call(Object(Illuminate\\Foundation\\Application), Array, Array, NULL)
#41 /Users/Masry/GitHub/ntegty/vendor/laravel/framework/src/Illuminate/Database/Seeder.php(184): Illuminate\\Container\\Container->call(Array, Array)
#42 /Users/Masry/GitHub/ntegty/vendor/laravel/framework/src/Illuminate/Database/Seeder.php(193): Illuminate\\Database\\Seeder->Illuminate\\Database\\{closure}()
#43 /Users/Masry/GitHub/ntegty/vendor/laravel/framework/src/Illuminate/Database/Console/Seeds/SeedCommand.php(70): Illuminate\\Database\\Seeder->__invoke()
#44 /Users/Masry/GitHub/ntegty/vendor/laravel/framework/src/Illuminate/Database/Eloquent/Concerns/GuardsAttributes.php(149): Illuminate\\Database\\Console\\Seeds\\SeedCommand->Illuminate\\Database\\Console\\Seeds\\{closure}()
#45 /Users/Masry/GitHub/ntegty/vendor/laravel/framework/src/Illuminate/Database/Console/Seeds/SeedCommand.php(69): Illuminate\\Database\\Eloquent\\Model::unguarded(Object(Closure))
#46 /Users/Masry/GitHub/ntegty/vendor/laravel/framework/src/Illuminate/Container/BoundMethod.php(36): Illuminate\\Database\\Console\\Seeds\\SeedCommand->handle()
#47 /Users/Masry/GitHub/ntegty/vendor/laravel/framework/src/Illuminate/Container/Util.php(41): Illuminate\\Container\\BoundMethod::Illuminate\\Container\\{closure}()
#48 /Users/Masry/GitHub/ntegty/vendor/laravel/framework/src/Illuminate/Container/BoundMethod.php(93): Illuminate\\Container\\Util::unwrapIfClosure(Object(Closure))
#49 /Users/Masry/GitHub/ntegty/vendor/laravel/framework/src/Illuminate/Container/BoundMethod.php(35): Illuminate\\Container\\BoundMethod::callBoundMethod(Object(Illuminate\\Foundation\\Application), Array, Object(Closure))
#50 /Users/Masry/GitHub/ntegty/vendor/laravel/framework/src/Illuminate/Container/Container.php(662): Illuminate\\Container\\BoundMethod::call(Object(Illuminate\\Foundation\\Application), Array, Array, NULL)
#51 /Users/Masry/GitHub/ntegty/vendor/laravel/framework/src/Illuminate/Console/Command.php(211): Illuminate\\Container\\Container->call(Array)
#52 /Users/Masry/GitHub/ntegty/vendor/symfony/console/Command/Command.php(326): Illuminate\\Console\\Command->execute(Object(Symfony\\Component\\Console\\Input\\ArgvInput), Object(Illuminate\\Console\\OutputStyle))
#53 /Users/Masry/GitHub/ntegty/vendor/laravel/framework/src/Illuminate/Console/Command.php(180): Symfony\\Component\\Console\\Command\\Command->run(Object(Symfony\\Component\\Console\\Input\\ArgvInput), Object(Illuminate\\Console\\OutputStyle))
#54 /Users/Masry/GitHub/ntegty/vendor/symfony/console/Application.php(1088): Illuminate\\Console\\Command->run(Object(Symfony\\Component\\Console\\Input\\ArgvInput), Object(Symfony\\Component\\Console\\Output\\ConsoleOutput))
#55 /Users/Masry/GitHub/ntegty/vendor/symfony/console/Application.php(324): Symfony\\Component\\Console\\Application->doRunCommand(Object(Illuminate\\Database\\Console\\Seeds\\SeedCommand), Object(Symfony\\Component\\Console\\Input\\ArgvInput), Object(Symfony\\Component\\Console\\Output\\ConsoleOutput))
#56 /Users/Masry/GitHub/ntegty/vendor/symfony/console/Application.php(175): Symfony\\Component\\Console\\Application->doRun(Object(Symfony\\Component\\Console\\Input\\ArgvInput), Object(Symfony\\Component\\Console\\Output\\ConsoleOutput))
#57 /Users/Masry/GitHub/ntegty/vendor/laravel/framework/src/Illuminate/Foundation/Console/Kernel.php(201): Symfony\\Component\\Console\\Application->run(Object(Symfony\\Component\\Console\\Input\\ArgvInput), Object(Symfony\\Component\\Console\\Output\\ConsoleOutput))
#58 /Users/Masry/GitHub/ntegty/artisan(35): Illuminate\\Foundation\\Console\\Kernel->handle(Object(Symfony\\Component\\Console\\Input\\ArgvInput), Object(Symfony\\Component\\Console\\Output\\ConsoleOutput))
#59 {main}
"} 
[2026-04-13 20:49:02] local.ERROR: SQLSTATE[HY000]: General error: 1 no such table: result_schedules (Connection: sqlite, SQL: select * from "result_schedules" where "is_active" = 1 and exists (select * from "countries" where "result_schedules"."country_id" = "countries"."id" and "slug" = egypt) and exists (select * from "governorates" where "result_schedules"."governorate_id" = "governorates"."id" and "slug" = qalyubia) order by "expected_date" desc limit 1) {"view":{"view":"/Users/Masry/GitHub/ntegty/resources/views/components/result-timer.blade.php","data":{"headerCountries":"<pre class=sf-dump id=sf-dump-333076887 data-indent-pad=\"  \"><span class=sf-dump-note>Illuminate\\Database\\Eloquent\\Collection</span> {<a class=sf-dump-ref>#1606</a><samp data-depth=1 class=sf-dump-expanded>
  #<span class=sf-dump-protected title=\"Protected property\">items</span>: <span class=sf-dump-note>array:2</span> [<samp data-depth=2 class=sf-dump-compact>
    <span class=sf-dump-index>0</span> => <span class=\"sf-dump-note sf-dump-ellipsization\" title=\"App\\Models\\Country
\"><span class=\"sf-dump-ellipsis sf-dump-ellipsis-note\">App\\Models</span><span class=\"sf-dump-ellipsis sf-dump-ellipsis-note\">\\</span><span class=\"sf-dump-ellipsis-tail\">Country</span></span> {<a class=sf-dump-ref>#1605</a><samp data-depth=3 class=sf-dump-compact>
      #<span class=sf-dump-protected title=\"Protected property\">connection</span>: \"<span class=sf-dump-str title=\"6 characters\">sqlite</span>\"
      #<span class=sf-dump-protected title=\"Protected property\">table</span>: \"<span class=sf-dump-str title=\"9 characters\">countries</span>\"
      #<span class=sf-dump-protected title=\"Protected property\">primaryKey</span>: \"<span class=sf-dump-str title=\"2 characters\">id</span>\"
      #<span class=sf-dump-protected title=\"Protected property\">keyType</span>: \"<span class=sf-dump-str title=\"3 characters\">int</span>\"
      +<span class=sf-dump-public title=\"Public property\">incrementing</span>: <span class=sf-dump-const>true</span>
      #<span class=sf-dump-protected title=\"Protected property\">with</span>: []
      #<span class=sf-dump-protected title=\"Protected property\">withCount</span>: []
      +<span class=sf-dump-public title=\"Public property\">preventsLazyLoading</span>: <span class=sf-dump-const>false</span>
      #<span class=sf-dump-protected title=\"Protected property\">perPage</span>: <span class=sf-dump-num>15</span>
      +<span class=sf-dump-public title=\"Public property\">exists</span>: <span class=sf-dump-const>true</span>
      +<span class=sf-dump-public title=\"Public property\">wasRecentlyCreated</span>: <span class=sf-dump-const>false</span>
      #<span class=sf-dump-protected title=\"Protected property\">escapeWhenCastingToString</span>: <span class=sf-dump-const>false</span>
      #<span class=sf-dump-protected title=\"Protected property\">attributes</span>: <span class=sf-dump-note>array:20</span> [ &#8230;20]
      #<span class=sf-dump-protected title=\"Protected property\">original</span>: <span class=sf-dump-note>array:20</span> [ &#8230;20]
      #<span class=sf-dump-protected title=\"Protected property\">changes</span>: []
      #<span class=sf-dump-protected title=\"Protected property\">casts</span>: <span class=sf-dump-note>array:2</span> [ &#8230;2]
      #<span class=sf-dump-protected title=\"Protected property\">classCastCache</span>: []
      #<span class=sf-dump-protected title=\"Protected property\">attributeCastCache</span>: []
      #<span class=sf-dump-protected title=\"Protected property\">dateFormat</span>: <span class=sf-dump-const>null</span>
      #<span class=sf-dump-protected title=\"Protected property\">appends</span>: []
      #<span class=sf-dump-protected title=\"Protected property\">dispatchesEvents</span>: []
      #<span class=sf-dump-protected title=\"Protected property\">observables</span>: []
      #<span class=sf-dump-protected title=\"Protected property\">relations</span>: []
      #<span class=sf-dump-protected title=\"Protected property\">touches</span>: []
      +<span class=sf-dump-public title=\"Public property\">timestamps</span>: <span class=sf-dump-const>true</span>
      +<span class=sf-dump-public title=\"Public property\">usesUniqueIds</span>: <span class=sf-dump-const>false</span>
      #<span class=sf-dump-protected title=\"Protected property\">hidden</span>: []
      #<span class=sf-dump-protected title=\"Protected property\">visible</span>: []
      #<span class=sf-dump-protected title=\"Protected property\">fillable</span>: <span class=sf-dump-note>array:17</span> [ &#8230;17]
      #<span class=sf-dump-protected title=\"Protected property\">guarded</span>: <span class=sf-dump-note>array:1</span> [ &#8230;1]
    </samp>}
    <span class=sf-dump-index>1</span> => <span class=\"sf-dump-note sf-dump-ellipsization\" title=\"App\\Models\\Country
\"><span class=\"sf-dump-ellipsis sf-dump-ellipsis-note\">App\\Models</span><span class=\"sf-dump-ellipsis sf-dump-ellipsis-note\">\\</span><span class=\"sf-dump-ellipsis-tail\">Country</span></span> {<a class=sf-dump-ref>#1604</a><samp data-depth=3 class=sf-dump-compact>
      #<span class=sf-dump-protected title=\"Protected property\">connection</span>: \"<span class=sf-dump-str title=\"6 characters\">sqlite</span>\"
      #<span class=sf-dump-protected title=\"Protected property\">table</span>: \"<span class=sf-dump-str title=\"9 characters\">countries</span>\"
      #<span class=sf-dump-protected title=\"Protected property\">primaryKey</span>: \"<span class=sf-dump-str title=\"2 characters\">id</span>\"
      #<span class=sf-dump-protected title=\"Protected property\">keyType</span>: \"<span class=sf-dump-str title=\"3 characters\">int</span>\"
      +<span class=sf-dump-public title=\"Public property\">incrementing</span>: <span class=sf-dump-const>true</span>
      #<span class=sf-dump-protected title=\"Protected property\">with</span>: []
      #<span class=sf-dump-protected title=\"Protected property\">withCount</span>: []
      +<span class=sf-dump-public title=\"Public property\">preventsLazyLoading</span>: <span class=sf-dump-const>false</span>
      #<span class=sf-dump-protected title=\"Protected property\">perPage</span>: <span class=sf-dump-num>15</span>
      +<span class=sf-dump-public title=\"Public property\">exists</span>: <span class=sf-dump-const>true</span>
      +<span class=sf-dump-public title=\"Public property\">wasRecentlyCreated</span>: <span class=sf-dump-const>false</span>
      #<span class=sf-dump-protected title=\"Protected property\">escapeWhenCastingToString</span>: <span class=sf-dump-const>false</span>
      #<span class=sf-dump-protected title=\"Protected property\">attributes</span>: <span class=sf-dump-note>array:20</span> [ &#8230;20]
      #<span class=sf-dump-protected title=\"Protected property\">original</span>: <span class=sf-dump-note>array:20</span> [ &#8230;20]
      #<span class=sf-dump-protected title=\"Protected property\">changes</span>: []
      #<span class=sf-dump-protected title=\"Protected property\">casts</span>: <span class=sf-dump-note>array:2</span> [ &#8230;2]
      #<span class=sf-dump-protected title=\"Protected property\">classCastCache</span>: []
      #<span class=sf-dump-protected title=\"Protected property\">attributeCastCache</span>: []
      #<span class=sf-dump-protected title=\"Protected property\">dateFormat</span>: <span class=sf-dump-const>null</span>
      #<span class=sf-dump-protected title=\"Protected property\">appends</span>: []
      #<span class=sf-dump-protected title=\"Protected property\">dispatchesEvents</span>: []
      #<span class=sf-dump-protected title=\"Protected property\">observables</span>: []
      #<span class=sf-dump-protected title=\"Protected property\">relations</span>: []
      #<span class=sf-dump-protected title=\"Protected property\">touches</span>: []
      +<span class=sf-dump-public title=\"Public property\">timestamps</span>: <span class=sf-dump-const>true</span>
      +<span class=sf-dump-public title=\"Public property\">usesUniqueIds</span>: <span class=sf-dump-const>false</span>
      #<span class=sf-dump-protected title=\"Protected property\">hidden</span>: []
      #<span class=sf-dump-protected title=\"Protected property\">visible</span>: []
      #<span class=sf-dump-protected title=\"Protected property\">fillable</span>: <span class=sf-dump-note>array:17</span> [ &#8230;17]
      #<span class=sf-dump-protected title=\"Protected property\">guarded</span>: <span class=sf-dump-note>array:1</span> [ &#8230;1]
    </samp>}
  </samp>]
  #<span class=sf-dump-protected title=\"Protected property\">escapeWhenCastingToString</span>: <span class=sf-dump-const>false</span>
</samp>}
</pre><script>Sfdump(\"sf-dump-333076887\", {\"maxDepth\":3,\"maxStringLength\":160})</script>
","settings":"<pre class=sf-dump id=sf-dump-119994452 data-indent-pad=\"  \">[]
</pre><script>Sfdump(\"sf-dump-119994452\", {\"maxDepth\":3,\"maxStringLength\":160})</script>
","errors":"<pre class=sf-dump id=sf-dump-1532185614 data-indent-pad=\"  \"><span class=sf-dump-note>Illuminate\\Support\\ViewErrorBag</span> {<a class=sf-dump-ref>#2134</a><samp data-depth=1 class=sf-dump-expanded>
  #<span class=sf-dump-protected title=\"Protected property\">bags</span>: []
</samp>}
</pre><script>Sfdump(\"sf-dump-1532185614\", {\"maxDepth\":3,\"maxStringLength\":160})</script>
","country":"<pre class=sf-dump id=sf-dump-1422861497 data-indent-pad=\"  \">\"<span class=sf-dump-str title=\"5 characters\">egypt</span>\"
</pre><script>Sfdump(\"sf-dump-1422861497\", {\"maxDepth\":3,\"maxStringLength\":160})</script>
","type":"<pre class=sf-dump id=sf-dump-1152474720 data-indent-pad=\"  \">\"<span class=sf-dump-str title=\"14 characters\">eg_preparatory</span>\"
</pre><script>Sfdump(\"sf-dump-1152474720\", {\"maxDepth\":3,\"maxStringLength\":160})</script>
","governorate":"<pre class=sf-dump id=sf-dump-448824341 data-indent-pad=\"  \">\"<span class=sf-dump-str title=\"8 characters\">qalyubia</span>\"
</pre><script>Sfdump(\"sf-dump-448824341\", {\"maxDepth\":3,\"maxStringLength\":160})</script>
","attributes":"<pre class=sf-dump id=sf-dump-61615108 data-indent-pad=\"  \"><span class=sf-dump-note>Illuminate\\View\\ComponentAttributeBag</span> {<a class=sf-dump-ref>#1818</a><samp data-depth=1 class=sf-dump-expanded>
  #<span class=sf-dump-protected title=\"Protected property\">attributes</span>: <span class=sf-dump-note>array:3</span> [<samp data-depth=2 class=sf-dump-compact>
    \"<span class=sf-dump-key>country</span>\" => \"<span class=sf-dump-str title=\"5 characters\">egypt</span>\"
    \"<span class=sf-dump-key>type</span>\" => \"<span class=sf-dump-str title=\"14 characters\">eg_preparatory</span>\"
    \"<span class=sf-dump-key>governorate</span>\" => \"<span class=sf-dump-str title=\"8 characters\">qalyubia</span>\"
  </samp>]
</samp>}
</pre><script>Sfdump(\"sf-dump-61615108\", {\"maxDepth\":3,\"maxStringLength\":160})</script>
","slot":"<pre class=sf-dump id=sf-dump-337188846 data-indent-pad=\"  \"><span class=sf-dump-note>Illuminate\\View\\ComponentSlot</span> {<a class=sf-dump-ref>#2260</a><samp data-depth=1 class=sf-dump-expanded>
  +<span class=sf-dump-public title=\"Public property\">attributes</span>: <span class=\"sf-dump-note sf-dump-ellipsization\" title=\"Illuminate\\View\\ComponentAttributeBag
\"><span class=\"sf-dump-ellipsis sf-dump-ellipsis-note\">Illuminate\\View</span><span class=\"sf-dump-ellipsis sf-dump-ellipsis-note\">\\</span><span class=\"sf-dump-ellipsis-tail\">ComponentAttributeBag</span></span> {<a class=sf-dump-ref>#2499</a><samp data-depth=2 class=sf-dump-compact>
    #<span class=sf-dump-protected title=\"Protected property\">attributes</span>: []
  </samp>}
  #<span class=sf-dump-protected title=\"Protected property\">contents</span>: \"\"
</samp>}
</pre><script>Sfdump(\"sf-dump-337188846\", {\"maxDepth\":3,\"maxStringLength\":160})</script>
","__laravel_slots":"<pre class=sf-dump id=sf-dump-967474383 data-indent-pad=\"  \"><span class=sf-dump-note>array:1</span> [<samp data-depth=1 class=sf-dump-expanded>
  \"<span class=sf-dump-key>__default</span>\" => <span class=\"sf-dump-note sf-dump-ellipsization\" title=\"Illuminate\\View\\ComponentSlot
\"><span class=\"sf-dump-ellipsis sf-dump-ellipsis-note\">Illuminate\\View</span><span class=\"sf-dump-ellipsis sf-dump-ellipsis-note\">\\</span><span class=\"sf-dump-ellipsis-tail\">ComponentSlot</span></span> {<a class=sf-dump-ref>#2260</a><samp data-depth=2 class=sf-dump-compact>
    +<span class=sf-dump-public title=\"Public property\">attributes</span>: <span class=\"sf-dump-note sf-dump-ellipsization\" title=\"Illuminate\\View\\ComponentAttributeBag
\"><span class=\"sf-dump-ellipsis sf-dump-ellipsis-note\">Illuminate\\View</span><span class=\"sf-dump-ellipsis sf-dump-ellipsis-note\">\\</span><span class=\"sf-dump-ellipsis-tail\">ComponentAttributeBag</span></span> {<a class=sf-dump-ref>#2499</a><samp data-depth=3 class=sf-dump-compact>
      #<span class=sf-dump-protected title=\"Protected property\">attributes</span>: []
    </samp>}
    #<span class=sf-dump-protected title=\"Protected property\">contents</span>: \"\"
  </samp>}
</samp>]
</pre><script>Sfdump(\"sf-dump-967474383\", {\"maxDepth\":3,\"maxStringLength\":160})</script>
"}},"exception":"[object] (Spatie\\LaravelIgnition\\Exceptions\\ViewException(code: 0): SQLSTATE[HY000]: General error: 1 no such table: result_schedules (Connection: sqlite, SQL: select * from \"result_schedules\" where \"is_active\" = 1 and exists (select * from \"countries\" where \"result_schedules\".\"country_id\" = \"countries\".\"id\" and \"slug\" = egypt) and exists (select * from \"governorates\" where \"result_schedules\".\"governorate_id\" = \"governorates\".\"id\" and \"slug\" = qalyubia) order by \"expected_date\" desc limit 1) at /Users/Masry/GitHub/ntegty/vendor/laravel/framework/src/Illuminate/Database/Connection.php:829)
[stacktrace]
#0 /Users/Masry/GitHub/ntegty/vendor/laravel/framework/src/Illuminate/Database/Connection.php(783): Illuminate\\Database\\Connection->runQueryCallback('select * from \"...', Array, Object(Closure))
#1 /Users/Masry/GitHub/ntegty/vendor/laravel/framework/src/Illuminate/Database/Connection.php(414): Illuminate\\Database\\Connection->run('select * from \"...', Array, Object(Closure))
#2 /Users/Masry/GitHub/ntegty/vendor/laravel/framework/src/Illuminate/Database/Query/Builder.php(2913): Illuminate\\Database\\Connection->select('select * from \"...', Array, true)
#3 /Users/Masry/GitHub/ntegty/vendor/laravel/framework/src/Illuminate/Database/Query/Builder.php(2902): Illuminate\\Database\\Query\\Builder->runSelect()
#4 /Users/Masry/GitHub/ntegty/vendor/laravel/framework/src/Illuminate/Database/Query/Builder.php(3456): Illuminate\\Database\\Query\\Builder->Illuminate\\Database\\Query\\{closure}()
#5 /Users/Masry/GitHub/ntegty/vendor/laravel/framework/src/Illuminate/Database/Query/Builder.php(2901): Illuminate\\Database\\Query\\Builder->onceWithColumns(Array, Object(Closure))
#6 /Users/Masry/GitHub/ntegty/vendor/laravel/framework/src/Illuminate/Database/Eloquent/Builder.php(739): Illuminate\\Database\\Query\\Builder->get(Array)
#7 /Users/Masry/GitHub/ntegty/vendor/laravel/framework/src/Illuminate/Database/Eloquent/Builder.php(723): Illuminate\\Database\\Eloquent\\Builder->getModels(Array)
#8 /Users/Masry/GitHub/ntegty/vendor/laravel/framework/src/Illuminate/Database/Concerns/BuildsQueries.php(333): Illuminate\\Database\\Eloquent\\Builder->get(Array)
#9 /Users/Masry/GitHub/ntegty/app/Models/ResultSchedule.php(59): Illuminate\\Database\\Eloquent\\Builder->first()
#10 /Users/Masry/GitHub/ntegty/resources/views/components/result-timer.blade.php(146): App\\Models\\ResultSchedule::getSchedule('egypt', 'eg_preparatory', 'qalyubia')
#11 /Users/Masry/GitHub/ntegty/vendor/laravel/framework/src/Illuminate/Filesystem/Filesystem.php(123): require('/Users/Masry/Gi...')
#12 /Users/Masry/GitHub/ntegty/vendor/laravel/framework/src/Illuminate/Filesystem/Filesystem.php(124): Illuminate\\Filesystem\\Filesystem::Illuminate\\Filesystem\\{closure}()
#13 /Users/Masry/GitHub/ntegty/vendor/laravel/framework/src/Illuminate/View/Engines/PhpEngine.php(58): Illuminate\\Filesystem\\Filesystem->getRequire('/Users/Masry/Gi...', Array)
#14 /Users/Masry/GitHub/ntegty/vendor/livewire/livewire/src/Mechanisms/ExtendBlade/ExtendedCompilerEngine.php(22): Illuminate\\View\\Engines\\PhpEngine->evaluatePath('/Users/Masry/Gi...', Array)
#15 /Users/Masry/GitHub/ntegty/vendor/laravel/framework/src/Illuminate/View/Engines/CompilerEngine.php(72): Livewire\\Mechanisms\\ExtendBlade\\ExtendedCompilerEngine->evaluatePath('/Users/Masry/Gi...', Array)
#16 /Users/Masry/GitHub/ntegty/vendor/livewire/livewire/src/Mechanisms/ExtendBlade/ExtendedCompilerEngine.php(10): Illuminate\\View\\Engines\\CompilerEngine->get('/Users/Masry/Gi...', Array)
#17 /Users/Masry/GitHub/ntegty/vendor/laravel/framework/src/Illuminate/View/View.php(207): Livewire\\Mechanisms\\ExtendBlade\\ExtendedCompilerEngine->get('/Users/Masry/Gi...', Array)
#18 /Users/Masry/GitHub/ntegty/vendor/laravel/framework/src/Illuminate/View/View.php(190): Illuminate\\View\\View->getContents()
#19 /Users/Masry/GitHub/ntegty/vendor/laravel/framework/src/Illuminate/View/View.php(159): Illuminate\\View\\View->renderContents()
#20 /Users/Masry/GitHub/ntegty/vendor/laravel/framework/src/Illuminate/View/Concerns/ManagesComponents.php(103): Illuminate\\View\\View->render()
#21 /Users/Masry/GitHub/ntegty/resources/views/egypt/search.blade.php(75): Illuminate\\View\\Factory->renderComponent()
#22 /Users/Masry/GitHub/ntegty/vendor/laravel/framework/src/Illuminate/Filesystem/Filesystem.php(123): require('/Users/Masry/Gi...')
#23 /Users/Masry/GitHub/ntegty/vendor/laravel/framework/src/Illuminate/Filesystem/Filesystem.php(124): Illuminate\\Filesystem\\Filesystem::Illuminate\\Filesystem\\{closure}()
#24 /Users/Masry/GitHub/ntegty/vendor/laravel/framework/src/Illuminate/View/Engines/PhpEngine.php(58): Illuminate\\Filesystem\\Filesystem->getRequire('/Users/Masry/Gi...', Array)
#25 /Users/Masry/GitHub/ntegty/vendor/livewire/livewire/src/Mechanisms/ExtendBlade/ExtendedCompilerEngine.php(22): Illuminate\\View\\Engines\\PhpEngine->evaluatePath('/Users/Masry/Gi...', Array)
#26 /Users/Masry/GitHub/ntegty/vendor/laravel/framework/src/Illuminate/View/Engines/CompilerEngine.php(72): Livewire\\Mechanisms\\ExtendBlade\\ExtendedCompilerEngine->evaluatePath('/Users/Masry/Gi...', Array)
#27 /Users/Masry/GitHub/ntegty/vendor/livewire/livewire/src/Mechanisms/ExtendBlade/ExtendedCompilerEngine.php(10): Illuminate\\View\\Engines\\CompilerEngine->get('/Users/Masry/Gi...', Array)
#28 /Users/Masry/GitHub/ntegty/vendor/laravel/framework/src/Illuminate/View/View.php(207): Livewire\\Mechanisms\\ExtendBlade\\ExtendedCompilerEngine->get('/Users/Masry/Gi...', Array)
#29 /Users/Masry/GitHub/ntegty/vendor/laravel/framework/src/Illuminate/View/View.php(190): Illuminate\\View\\View->getContents()
#30 /Users/Masry/GitHub/ntegty/vendor/laravel/framework/src/Illuminate/View/View.php(159): Illuminate\\View\\View->renderContents()
#31 /Users/Masry/GitHub/ntegty/vendor/laravel/framework/src/Illuminate/Http/Response.php(69): Illuminate\\View\\View->render()
#32 /Users/Masry/GitHub/ntegty/vendor/laravel/framework/src/Illuminate/Http/Response.php(35): Illuminate\\Http\\Response->setContent(Object(Illuminate\\View\\View))
#33 /Users/Masry/GitHub/ntegty/vendor/laravel/framework/src/Illuminate/Routing/Router.php(918): Illuminate\\Http\\Response->__construct(Object(Illuminate\\View\\View), 200, Array)
#34 /Users/Masry/GitHub/ntegty/vendor/laravel/framework/src/Illuminate/Routing/Router.php(885): Illuminate\\Routing\\Router::toResponse(Object(Illuminate\\Http\\Request), Object(Illuminate\\View\\View))
#35 /Users/Masry/GitHub/ntegty/vendor/laravel/framework/src/Illuminate/Routing/Router.php(805): Illuminate\\Routing\\Router->prepareResponse(Object(Illuminate\\Http\\Request), Object(Illuminate\\View\\View))
#36 /Users/Masry/GitHub/ntegty/vendor/laravel/framework/src/Illuminate/Pipeline/Pipeline.php(144): Illuminate\\Routing\\Router->Illuminate\\Routing\\{closure}(Object(Illuminate\\Http\\Request))
#37 /Users/Masry/GitHub/ntegty/app/Http/Middleware/CacheResponse.php(79): Illuminate\\Pipeline\\Pipeline->Illuminate\\Pipeline\\{closure}(Object(Illuminate\\Http\\Request))
#38 /Users/Masry/GitHub/ntegty/vendor/laravel/framework/src/Illuminate/Pipeline/Pipeline.php(183): App\\Http\\Middleware\\CacheResponse->handle(Object(Illuminate\\Http\\Request), Object(Closure))
#39 /Users/Masry/GitHub/ntegty/app/Http/Middleware/TrackPageViews.php(17): Illuminate\\Pipeline\\Pipeline->Illuminate\\Pipeline\\{closure}(Object(Illuminate\\Http\\Request))
#40 /Users/Masry/GitHub/ntegty/vendor/laravel/framework/src/Illuminate/Pipeline/Pipeline.php(183): App\\Http\\Middleware\\TrackPageViews->handle(Object(Illuminate\\Http\\Request), Object(Closure))
#41 /Users/Masry/GitHub/ntegty/vendor/laravel/framework/src/Illuminate/Routing/Middleware/SubstituteBindings.php(50): Illuminate\\Pipeline\\Pipeline->Illuminate\\Pipeline\\{closure}(Object(Illuminate\\Http\\Request))
#42 /Users/Masry/GitHub/ntegty/vendor/laravel/framework/src/Illuminate/Pipeline/Pipeline.php(183): Illuminate\\Routing\\Middleware\\SubstituteBindings->handle(Object(Illuminate\\Http\\Request), Object(Closure))
#43 /Users/Masry/GitHub/ntegty/vendor/laravel/framework/src/Illuminate/Foundation/Http/Middleware/VerifyCsrfToken.php(78): Illuminate\\Pipeline\\Pipeline->Illuminate\\Pipeline\\{closure}(Object(Illuminate\\Http\\Request))
#44 /Users/Masry/GitHub/ntegty/vendor/laravel/framework/src/Illuminate/Pipeline/Pipeline.php(183): Illuminate\\Foundation\\Http\\Middleware\\VerifyCsrfToken->handle(Object(Illuminate\\Http\\Request), Object(Closure))
#45 /Users/Masry/GitHub/ntegty/vendor/laravel/framework/src/Illuminate/View/Middleware/ShareErrorsFromSession.php(49): Illuminate\\Pipeline\\Pipeline->Illuminate\\Pipeline\\{closure}(Object(Illuminate\\Http\\Request))
#46 /Users/Masry/GitHub/ntegty/vendor/laravel/framework/src/Illuminate/Pipeline/Pipeline.php(183): Illuminate\\View\\Middleware\\ShareErrorsFromSession->handle(Object(Illuminate\\Http\\Request), Object(Closure))
#47 /Users/Masry/GitHub/ntegty/vendor/laravel/framework/src/Illuminate/Session/Middleware/StartSession.php(121): Illuminate\\Pipeline\\Pipeline->Illuminate\\Pipeline\\{closure}(Object(Illuminate\\Http\\Request))
#48 /Users/Masry/GitHub/ntegty/vendor/laravel/framework/src/Illuminate/Session/Middleware/StartSession.php(64): Illuminate\\Session\\Middleware\\StartSession->handleStatefulRequest(Object(Illuminate\\Http\\Request), Object(Illuminate\\Session\\Store), Object(Closure))
#49 /Users/Masry/GitHub/ntegty/vendor/laravel/framework/src/Illuminate/Pipeline/Pipeline.php(183): Illuminate\\Session\\Middleware\\StartSession->handle(Object(Illuminate\\Http\\Request), Object(Closure))
#50 /Users/Masry/GitHub/ntegty/vendor/laravel/framework/src/Illuminate/Cookie/Middleware/AddQueuedCookiesToResponse.php(37): Illuminate\\Pipeline\\Pipeline->Illuminate\\Pipeline\\{closure}(Object(Illuminate\\Http\\Request))
#51 /Users/Masry/GitHub/ntegty/vendor/laravel/framework/src/Illuminate/Pipeline/Pipeline.php(183): Illuminate\\Cookie\\Middleware\\AddQueuedCookiesToResponse->handle(Object(Illuminate\\Http\\Request), Object(Closure))
#52 /Users/Masry/GitHub/ntegty/vendor/laravel/framework/src/Illuminate/Cookie/Middleware/EncryptCookies.php(67): Illuminate\\Pipeline\\Pipeline->Illuminate\\Pipeline\\{closure}(Object(Illuminate\\Http\\Request))
#53 /Users/Masry/GitHub/ntegty/vendor/laravel/framework/src/Illuminate/Pipeline/Pipeline.php(183): Illuminate\\Cookie\\Middleware\\EncryptCookies->handle(Object(Illuminate\\Http\\Request), Object(Closure))
#54 /Users/Masry/GitHub/ntegty/vendor/laravel/framework/src/Illuminate/Pipeline/Pipeline.php(119): Illuminate\\Pipeline\\Pipeline->Illuminate\\Pipeline\\{closure}(Object(Illuminate\\Http\\Request))
#55 /Users/Masry/GitHub/ntegty/vendor/laravel/framework/src/Illuminate/Routing/Router.php(805): Illuminate\\Pipeline\\Pipeline->then(Object(Closure))
#56 /Users/Masry/GitHub/ntegty/vendor/laravel/framework/src/Illuminate/Routing/Router.php(784): Illuminate\\Routing\\Router->runRouteWithinStack(Object(Illuminate\\Routing\\Route), Object(Illuminate\\Http\\Request))
#57 /Users/Masry/GitHub/ntegty/vendor/laravel/framework/src/Illuminate/Routing/Router.php(748): Illuminate\\Routing\\Router->runRoute(Object(Illuminate\\Http\\Request), Object(Illuminate\\Routing\\Route))
#58 /Users/Masry/GitHub/ntegty/vendor/laravel/framework/src/Illuminate/Routing/Router.php(737): Illuminate\\Routing\\Router->dispatchToRoute(Object(Illuminate\\Http\\Request))
#59 /Users/Masry/GitHub/ntegty/vendor/laravel/framework/src/Illuminate/Foundation/Http/Kernel.php(200): Illuminate\\Routing\\Router->dispatch(Object(Illuminate\\Http\\Request))
#60 /Users/Masry/GitHub/ntegty/vendor/laravel/framework/src/Illuminate/Pipeline/Pipeline.php(144): Illuminate\\Foundation\\Http\\Kernel->Illuminate\\Foundation\\Http\\{closure}(Object(Illuminate\\Http\\Request))
#61 /Users/Masry/GitHub/ntegty/vendor/livewire/livewire/src/Features/SupportDisablingBackButtonCache/DisableBackButtonCacheMiddleware.php(19): Illuminate\\Pipeline\\Pipeline->Illuminate\\Pipeline\\{closure}(Object(Illuminate\\Http\\Request))
#62 /Users/Masry/GitHub/ntegty/vendor/laravel/framework/src/Illuminate/Pipeline/Pipeline.php(183): Livewire\\Features\\SupportDisablingBackButtonCache\\DisableBackButtonCacheMiddleware->handle(Object(Illuminate\\Http\\Request), Object(Closure))
#63 /Users/Masry/GitHub/ntegty/app/Http/Middleware/SeoHeadersMiddleware.php(18): Illuminate\\Pipeline\\Pipeline->Illuminate\\Pipeline\\{closure}(Object(Illuminate\\Http\\Request))
#64 /Users/Masry/GitHub/ntegty/vendor/laravel/framework/src/Illuminate/Pipeline/Pipeline.php(183): App\\Http\\Middleware\\SeoHeadersMiddleware->handle(Object(Illuminate\\Http\\Request), Object(Closure))
#65 /Users/Masry/GitHub/ntegty/vendor/laravel/framework/src/Illuminate/Foundation/Http/Middleware/TransformsRequest.php(21): Illuminate\\Pipeline\\Pipeline->Illuminate\\Pipeline\\{closure}(Object(Illuminate\\Http\\Request))
#66 /Users/Masry/GitHub/ntegty/vendor/laravel/framework/src/Illuminate/Foundation/Http/Middleware/ConvertEmptyStringsToNull.php(31): Illuminate\\Foundation\\Http\\Middleware\\TransformsRequest->handle(Object(Illuminate\\Http\\Request), Object(Closure))
#67 /Users/Masry/GitHub/ntegty/vendor/laravel/framework/src/Illuminate/Pipeline/Pipeline.php(183): Illuminate\\Foundation\\Http\\Middleware\\ConvertEmptyStringsToNull->handle(Object(Illuminate\\Http\\Request), Object(Closure))
#68 /Users/Masry/GitHub/ntegty/vendor/laravel/framework/src/Illuminate/Foundation/Http/Middleware/TransformsRequest.php(21): Illuminate\\Pipeline\\Pipeline->Illuminate\\Pipeline\\{closure}(Object(Illuminate\\Http\\Request))
#69 /Users/Masry/GitHub/ntegty/vendor/laravel/framework/src/Illuminate/Foundation/Http/Middleware/TrimStrings.php(40): Illuminate\\Foundation\\Http\\Middleware\\TransformsRequest->handle(Object(Illuminate\\Http\\Request), Object(Closure))
#70 /Users/Masry/GitHub/ntegty/vendor/laravel/framework/src/Illuminate/Pipeline/Pipeline.php(183): Illuminate\\Foundation\\Http\\Middleware\\TrimStrings->handle(Object(Illuminate\\Http\\Request), Object(Closure))
#71 /Users/Masry/GitHub/ntegty/vendor/laravel/framework/src/Illuminate/Foundation/Http/Middleware/ValidatePostSize.php(27): Illuminate\\Pipeline\\Pipeline->Illuminate\\Pipeline\\{closure}(Object(Illuminate\\Http\\Request))
#72 /Users/Masry/GitHub/ntegty/vendor/laravel/framework/src/Illuminate/Pipeline/Pipeline.php(183): Illuminate\\Foundation\\Http\\Middleware\\ValidatePostSize->handle(Object(Illuminate\\Http\\Request), Object(Closure))
#73 /Users/Masry/GitHub/ntegty/vendor/laravel/framework/src/Illuminate/Foundation/Http/Middleware/PreventRequestsDuringMaintenance.php(99): Illuminate\\Pipeline\\Pipeline->Illuminate\\Pipeline\\{closure}(Object(Illuminate\\Http\\Request))
#74 /Users/Masry/GitHub/ntegty/vendor/laravel/framework/src/Illuminate/Pipeline/Pipeline.php(183): Illuminate\\Foundation\\Http\\Middleware\\PreventRequestsDuringMaintenance->handle(Object(Illuminate\\Http\\Request), Object(Closure))
#75 /Users/Masry/GitHub/ntegty/vendor/laravel/framework/src/Illuminate/Http/Middleware/HandleCors.php(49): Illuminate\\Pipeline\\Pipeline->Illuminate\\Pipeline\\{closure}(Object(Illuminate\\Http\\Request))
#76 /Users/Masry/GitHub/ntegty/vendor/laravel/framework/src/Illuminate/Pipeline/Pipeline.php(183): Illuminate\\Http\\Middleware\\HandleCors->handle(Object(Illuminate\\Http\\Request), Object(Closure))
#77 /Users/Masry/GitHub/ntegty/vendor/laravel/framework/src/Illuminate/Http/Middleware/TrustProxies.php(39): Illuminate\\Pipeline\\Pipeline->Illuminate\\Pipeline\\{closure}(Object(Illuminate\\Http\\Request))
#78 /Users/Masry/GitHub/ntegty/vendor/laravel/framework/src/Illuminate/Pipeline/Pipeline.php(183): Illuminate\\Http\\Middleware\\TrustProxies->handle(Object(Illuminate\\Http\\Request), Object(Closure))
#79 /Users/Masry/GitHub/ntegty/vendor/laravel/framework/src/Illuminate/Pipeline/Pipeline.php(119): Illuminate\\Pipeline\\Pipeline->Illuminate\\Pipeline\\{closure}(Object(Illuminate\\Http\\Request))
#80 /Users/Masry/GitHub/ntegty/vendor/laravel/framework/src/Illuminate/Foundation/Http/Kernel.php(175): Illuminate\\Pipeline\\Pipeline->then(Object(Closure))
#81 /Users/Masry/GitHub/ntegty/vendor/laravel/framework/src/Illuminate/Foundation/Http/Kernel.php(144): Illuminate\\Foundation\\Http\\Kernel->sendRequestThroughRouter(Object(Illuminate\\Http\\Request))
#82 /Users/Masry/GitHub/ntegty/index.php(51): Illuminate\\Foundation\\Http\\Kernel->handle(Object(Illuminate\\Http\\Request))
#83 /Users/Masry/GitHub/ntegty/server.php(13): require_once('/Users/Masry/Gi...')
#84 {main}

[previous exception] [object] (Illuminate\\Database\\QueryException(code: HY000): SQLSTATE[HY000]: General error: 1 no such table: result_schedules (Connection: sqlite, SQL: select * from \"result_schedules\" where \"is_active\" = 1 and exists (select * from \"countries\" where \"result_schedules\".\"country_id\" = \"countries\".\"id\" and \"slug\" = egypt) and exists (select * from \"governorates\" where \"result_schedules\".\"governorate_id\" = \"governorates\".\"id\" and \"slug\" = qalyubia) order by \"expected_date\" desc limit 1) at /Users/Masry/GitHub/ntegty/vendor/laravel/framework/src/Illuminate/Database/Connection.php:829)
[stacktrace]
#0 /Users/Masry/GitHub/ntegty/vendor/laravel/framework/src/Illuminate/Database/Connection.php(783): Illuminate\\Database\\Connection->runQueryCallback('select * from \"...', Array, Object(Closure))
#1 /Users/Masry/GitHub/ntegty/vendor/laravel/framework/src/Illuminate/Database/Connection.php(414): Illuminate\\Database\\Connection->run('select * from \"...', Array, Object(Closure))
#2 /Users/Masry/GitHub/ntegty/vendor/laravel/framework/src/Illuminate/Database/Query/Builder.php(2913): Illuminate\\Database\\Connection->select('select * from \"...', Array, true)
#3 /Users/Masry/GitHub/ntegty/vendor/laravel/framework/src/Illuminate/Database/Query/Builder.php(2902): Illuminate\\Database\\Query\\Builder->runSelect()
#4 /Users/Masry/GitHub/ntegty/vendor/laravel/framework/src/Illuminate/Database/Query/Builder.php(3456): Illuminate\\Database\\Query\\Builder->Illuminate\\Database\\Query\\{closure}()
#5 /Users/Masry/GitHub/ntegty/vendor/laravel/framework/src/Illuminate/Database/Query/Builder.php(2901): Illuminate\\Database\\Query\\Builder->onceWithColumns(Array, Object(Closure))
#6 /Users/Masry/GitHub/ntegty/vendor/laravel/framework/src/Illuminate/Database/Eloquent/Builder.php(739): Illuminate\\Database\\Query\\Builder->get(Array)
#7 /Users/Masry/GitHub/ntegty/vendor/laravel/framework/src/Illuminate/Database/Eloquent/Builder.php(723): Illuminate\\Database\\Eloquent\\Builder->getModels(Array)
#8 /Users/Masry/GitHub/ntegty/vendor/laravel/framework/src/Illuminate/Database/Concerns/BuildsQueries.php(333): Illuminate\\Database\\Eloquent\\Builder->get(Array)
#9 /Users/Masry/GitHub/ntegty/app/Models/ResultSchedule.php(59): Illuminate\\Database\\Eloquent\\Builder->first()
#10 /Users/Masry/GitHub/ntegty/storage/framework/views/f74c89f0765580b2b6944ca547993f59.php(165): App\\Models\\ResultSchedule::getSchedule('egypt', 'eg_preparatory', 'qalyubia')
#11 /Users/Masry/GitHub/ntegty/vendor/laravel/framework/src/Illuminate/Filesystem/Filesystem.php(123): require('/Users/Masry/Gi...')
#12 /Users/Masry/GitHub/ntegty/vendor/laravel/framework/src/Illuminate/Filesystem/Filesystem.php(124): Illuminate\\Filesystem\\Filesystem::Illuminate\\Filesystem\\{closure}()
#13 /Users/Masry/GitHub/ntegty/vendor/laravel/framework/src/Illuminate/View/Engines/PhpEngine.php(58): Illuminate\\Filesystem\\Filesystem->getRequire('/Users/Masry/Gi...', Array)
#14 /Users/Masry/GitHub/ntegty/vendor/livewire/livewire/src/Mechanisms/ExtendBlade/ExtendedCompilerEngine.php(22): Illuminate\\View\\Engines\\PhpEngine->evaluatePath('/Users/Masry/Gi...', Array)
#15 /Users/Masry/GitHub/ntegty/vendor/laravel/framework/src/Illuminate/View/Engines/CompilerEngine.php(72): Livewire\\Mechanisms\\ExtendBlade\\ExtendedCompilerEngine->evaluatePath('/Users/Masry/Gi...', Array)
#16 /Users/Masry/GitHub/ntegty/vendor/livewire/livewire/src/Mechanisms/ExtendBlade/ExtendedCompilerEngine.php(10): Illuminate\\View\\Engines\\CompilerEngine->get('/Users/Masry/Gi...', Array)
#17 /Users/Masry/GitHub/ntegty/vendor/laravel/framework/src/Illuminate/View/View.php(207): Livewire\\Mechanisms\\ExtendBlade\\ExtendedCompilerEngine->get('/Users/Masry/Gi...', Array)
#18 /Users/Masry/GitHub/ntegty/vendor/laravel/framework/src/Illuminate/View/View.php(190): Illuminate\\View\\View->getContents()
#19 /Users/Masry/GitHub/ntegty/vendor/laravel/framework/src/Illuminate/View/View.php(159): Illuminate\\View\\View->renderContents()
#20 /Users/Masry/GitHub/ntegty/vendor/laravel/framework/src/Illuminate/View/Concerns/ManagesComponents.php(103): Illuminate\\View\\View->render()
#21 /Users/Masry/GitHub/ntegty/storage/framework/views/c65d1786082c2775940651011f14947f.php(84): Illuminate\\View\\Factory->renderComponent()
#22 /Users/Masry/GitHub/ntegty/vendor/laravel/framework/src/Illuminate/Filesystem/Filesystem.php(123): require('/Users/Masry/Gi...')
#23 /Users/Masry/GitHub/ntegty/vendor/laravel/framework/src/Illuminate/Filesystem/Filesystem.php(124): Illuminate\\Filesystem\\Filesystem::Illuminate\\Filesystem\\{closure}()
#24 /Users/Masry/GitHub/ntegty/vendor/laravel/framework/src/Illuminate/View/Engines/PhpEngine.php(58): Illuminate\\Filesystem\\Filesystem->getRequire('/Users/Masry/Gi...', Array)
#25 /Users/Masry/GitHub/ntegty/vendor/livewire/livewire/src/Mechanisms/ExtendBlade/ExtendedCompilerEngine.php(22): Illuminate\\View\\Engines\\PhpEngine->evaluatePath('/Users/Masry/Gi...', Array)
#26 /Users/Masry/GitHub/ntegty/vendor/laravel/framework/src/Illuminate/View/Engines/CompilerEngine.php(72): Livewire\\Mechanisms\\ExtendBlade\\ExtendedCompilerEngine->evaluatePath('/Users/Masry/Gi...', Array)
#27 /Users/Masry/GitHub/ntegty/vendor/livewire/livewire/src/Mechanisms/ExtendBlade/ExtendedCompilerEngine.php(10): Illuminate\\View\\Engines\\CompilerEngine->get('/Users/Masry/Gi...', Array)
#28 /Users/Masry/GitHub/ntegty/vendor/laravel/framework/src/Illuminate/View/View.php(207): Livewire\\Mechanisms\\ExtendBlade\\ExtendedCompilerEngine->get('/Users/Masry/Gi...', Array)
#29 /Users/Masry/GitHub/ntegty/vendor/laravel/framework/src/Illuminate/View/View.php(190): Illuminate\\View\\View->getContents()
#30 /Users/Masry/GitHub/ntegty/vendor/laravel/framework/src/Illuminate/View/View.php(159): Illuminate\\View\\View->renderContents()
#31 /Users/Masry/GitHub/ntegty/vendor/laravel/framework/src/Illuminate/Http/Response.php(69): Illuminate\\View\\View->render()
#32 /Users/Masry/GitHub/ntegty/vendor/laravel/framework/src/Illuminate/Http/Response.php(35): Illuminate\\Http\\Response->setContent(Object(Illuminate\\View\\View))
#33 /Users/Masry/GitHub/ntegty/vendor/laravel/framework/src/Illuminate/Routing/Router.php(918): Illuminate\\Http\\Response->__construct(Object(Illuminate\\View\\View), 200, Array)
#34 /Users/Masry/GitHub/ntegty/vendor/laravel/framework/src/Illuminate/Routing/Router.php(885): Illuminate\\Routing\\Router::toResponse(Object(Illuminate\\Http\\Request), Object(Illuminate\\View\\View))
#35 /Users/Masry/GitHub/ntegty/vendor/laravel/framework/src/Illuminate/Routing/Router.php(805): Illuminate\\Routing\\Router->prepareResponse(Object(Illuminate\\Http\\Request), Object(Illuminate\\View\\View))
#36 /Users/Masry/GitHub/ntegty/vendor/laravel/framework/src/Illuminate/Pipeline/Pipeline.php(144): Illuminate\\Routing\\Router->Illuminate\\Routing\\{closure}(Object(Illuminate\\Http\\Request))
#37 /Users/Masry/GitHub/ntegty/app/Http/Middleware/CacheResponse.php(79): Illuminate\\Pipeline\\Pipeline->Illuminate\\Pipeline\\{closure}(Object(Illuminate\\Http\\Request))
#38 /Users/Masry/GitHub/ntegty/vendor/laravel/framework/src/Illuminate/Pipeline/Pipeline.php(183): App\\Http\\Middleware\\CacheResponse->handle(Object(Illuminate\\Http\\Request), Object(Closure))
#39 /Users/Masry/GitHub/ntegty/app/Http/Middleware/TrackPageViews.php(17): Illuminate\\Pipeline\\Pipeline->Illuminate\\Pipeline\\{closure}(Object(Illuminate\\Http\\Request))
#40 /Users/Masry/GitHub/ntegty/vendor/laravel/framework/src/Illuminate/Pipeline/Pipeline.php(183): App\\Http\\Middleware\\TrackPageViews->handle(Object(Illuminate\\Http\\Request), Object(Closure))
#41 /Users/Masry/GitHub/ntegty/vendor/laravel/framework/src/Illuminate/Routing/Middleware/SubstituteBindings.php(50): Illuminate\\Pipeline\\Pipeline->Illuminate\\Pipeline\\{closure}(Object(Illuminate\\Http\\Request))
#42 /Users/Masry/GitHub/ntegty/vendor/laravel/framework/src/Illuminate/Pipeline/Pipeline.php(183): Illuminate\\Routing\\Middleware\\SubstituteBindings->handle(Object(Illuminate\\Http\\Request), Object(Closure))
#43 /Users/Masry/GitHub/ntegty/vendor/laravel/framework/src/Illuminate/Foundation/Http/Middleware/VerifyCsrfToken.php(78): Illuminate\\Pipeline\\Pipeline->Illuminate\\Pipeline\\{closure}(Object(Illuminate\\Http\\Request))
#44 /Users/Masry/GitHub/ntegty/vendor/laravel/framework/src/Illuminate/Pipeline/Pipeline.php(183): Illuminate\\Foundation\\Http\\Middleware\\VerifyCsrfToken->handle(Object(Illuminate\\Http\\Request), Object(Closure))
#45 /Users/Masry/GitHub/ntegty/vendor/laravel/framework/src/Illuminate/View/Middleware/ShareErrorsFromSession.php(49): Illuminate\\Pipeline\\Pipeline->Illuminate\\Pipeline\\{closure}(Object(Illuminate\\Http\\Request))
#46 /Users/Masry/GitHub/ntegty/vendor/laravel/framework/src/Illuminate/Pipeline/Pipeline.php(183): Illuminate\\View\\Middleware\\ShareErrorsFromSession->handle(Object(Illuminate\\Http\\Request), Object(Closure))
#47 /Users/Masry/GitHub/ntegty/vendor/laravel/framework/src/Illuminate/Session/Middleware/StartSession.php(121): Illuminate\\Pipeline\\Pipeline->Illuminate\\Pipeline\\{closure}(Object(Illuminate\\Http\\Request))
#48 /Users/Masry/GitHub/ntegty/vendor/laravel/framework/src/Illuminate/Session/Middleware/StartSession.php(64): Illuminate\\Session\\Middleware\\StartSession->handleStatefulRequest(Object(Illuminate\\Http\\Request), Object(Illuminate\\Session\\Store), Object(Closure))
#49 /Users/Masry/GitHub/ntegty/vendor/laravel/framework/src/Illuminate/Pipeline/Pipeline.php(183): Illuminate\\Session\\Middleware\\StartSession->handle(Object(Illuminate\\Http\\Request), Object(Closure))
#50 /Users/Masry/GitHub/ntegty/vendor/laravel/framework/src/Illuminate/Cookie/Middleware/AddQueuedCookiesToResponse.php(37): Illuminate\\Pipeline\\Pipeline->Illuminate\\Pipeline\\{closure}(Object(Illuminate\\Http\\Request))
#51 /Users/Masry/GitHub/ntegty/vendor/laravel/framework/src/Illuminate/Pipeline/Pipeline.php(183): Illuminate\\Cookie\\Middleware\\AddQueuedCookiesToResponse->handle(Object(Illuminate\\Http\\Request), Object(Closure))
#52 /Users/Masry/GitHub/ntegty/vendor/laravel/framework/src/Illuminate/Cookie/Middleware/EncryptCookies.php(67): Illuminate\\Pipeline\\Pipeline->Illuminate\\Pipeline\\{closure}(Object(Illuminate\\Http\\Request))
#53 /Users/Masry/GitHub/ntegty/vendor/laravel/framework/src/Illuminate/Pipeline/Pipeline.php(183): Illuminate\\Cookie\\Middleware\\EncryptCookies->handle(Object(Illuminate\\Http\\Request), Object(Closure))
#54 /Users/Masry/GitHub/ntegty/vendor/laravel/framework/src/Illuminate/Pipeline/Pipeline.php(119): Illuminate\\Pipeline\\Pipeline->Illuminate\\Pipeline\\{closure}(Object(Illuminate\\Http\\Request))
#55 /Users/Masry/GitHub/ntegty/vendor/laravel/framework/src/Illuminate/Routing/Router.php(805): Illuminate\\Pipeline\\Pipeline->then(Object(Closure))
#56 /Users/Masry/GitHub/ntegty/vendor/laravel/framework/src/Illuminate/Routing/Router.php(784): Illuminate\\Routing\\Router->runRouteWithinStack(Object(Illuminate\\Routing\\Route), Object(Illuminate\\Http\\Request))
#57 /Users/Masry/GitHub/ntegty/vendor/laravel/framework/src/Illuminate/Routing/Router.php(748): Illuminate\\Routing\\Router->runRoute(Object(Illuminate\\Http\\Request), Object(Illuminate\\Routing\\Route))
#58 /Users/Masry/GitHub/ntegty/vendor/laravel/framework/src/Illuminate/Routing/Router.php(737): Illuminate\\Routing\\Router->dispatchToRoute(Object(Illuminate\\Http\\Request))
#59 /Users/Masry/GitHub/ntegty/vendor/laravel/framework/src/Illuminate/Foundation/Http/Kernel.php(200): Illuminate\\Routing\\Router->dispatch(Object(Illuminate\\Http\\Request))
#60 /Users/Masry/GitHub/ntegty/vendor/laravel/framework/src/Illuminate/Pipeline/Pipeline.php(144): Illuminate\\Foundation\\Http\\Kernel->Illuminate\\Foundation\\Http\\{closure}(Object(Illuminate\\Http\\Request))
#61 /Users/Masry/GitHub/ntegty/vendor/livewire/livewire/src/Features/SupportDisablingBackButtonCache/DisableBackButtonCacheMiddleware.php(19): Illuminate\\Pipeline\\Pipeline->Illuminate\\Pipeline\\{closure}(Object(Illuminate\\Http\\Request))
#62 /Users/Masry/GitHub/ntegty/vendor/laravel/framework/src/Illuminate/Pipeline/Pipeline.php(183): Livewire\\Features\\SupportDisablingBackButtonCache\\DisableBackButtonCacheMiddleware->handle(Object(Illuminate\\Http\\Request), Object(Closure))
#63 /Users/Masry/GitHub/ntegty/app/Http/Middleware/SeoHeadersMiddleware.php(18): Illuminate\\Pipeline\\Pipeline->Illuminate\\Pipeline\\{closure}(Object(Illuminate\\Http\\Request))
#64 /Users/Masry/GitHub/ntegty/vendor/laravel/framework/src/Illuminate/Pipeline/Pipeline.php(183): App\\Http\\Middleware\\SeoHeadersMiddleware->handle(Object(Illuminate\\Http\\Request), Object(Closure))
#65 /Users/Masry/GitHub/ntegty/vendor/laravel/framework/src/Illuminate/Foundation/Http/Middleware/TransformsRequest.php(21): Illuminate\\Pipeline\\Pipeline->Illuminate\\Pipeline\\{closure}(Object(Illuminate\\Http\\Request))
#66 /Users/Masry/GitHub/ntegty/vendor/laravel/framework/src/Illuminate/Foundation/Http/Middleware/ConvertEmptyStringsToNull.php(31): Illuminate\\Foundation\\Http\\Middleware\\TransformsRequest->handle(Object(Illuminate\\Http\\Request), Object(Closure))
#67 /Users/Masry/GitHub/ntegty/vendor/laravel/framework/src/Illuminate/Pipeline/Pipeline.php(183): Illuminate\\Foundation\\Http\\Middleware\\ConvertEmptyStringsToNull->handle(Object(Illuminate\\Http\\Request), Object(Closure))
#68 /Users/Masry/GitHub/ntegty/vendor/laravel/framework/src/Illuminate/Foundation/Http/Middleware/TransformsRequest.php(21): Illuminate\\Pipeline\\Pipeline->Illuminate\\Pipeline\\{closure}(Object(Illuminate\\Http\\Request))
#69 /Users/Masry/GitHub/ntegty/vendor/laravel/framework/src/Illuminate/Foundation/Http/Middleware/TrimStrings.php(40): Illuminate\\Foundation\\Http\\Middleware\\TransformsRequest->handle(Object(Illuminate\\Http\\Request), Object(Closure))
#70 /Users/Masry/GitHub/ntegty/vendor/laravel/framework/src/Illuminate/Pipeline/Pipeline.php(183): Illuminate\\Foundation\\Http\\Middleware\\TrimStrings->handle(Object(Illuminate\\Http\\Request), Object(Closure))
#71 /Users/Masry/GitHub/ntegty/vendor/laravel/framework/src/Illuminate/Foundation/Http/Middleware/ValidatePostSize.php(27): Illuminate\\Pipeline\\Pipeline->Illuminate\\Pipeline\\{closure}(Object(Illuminate\\Http\\Request))
#72 /Users/Masry/GitHub/ntegty/vendor/laravel/framework/src/Illuminate/Pipeline/Pipeline.php(183): Illuminate\\Foundation\\Http\\Middleware\\ValidatePostSize->handle(Object(Illuminate\\Http\\Request), Object(Closure))
#73 /Users/Masry/GitHub/ntegty/vendor/laravel/framework/src/Illuminate/Foundation/Http/Middleware/PreventRequestsDuringMaintenance.php(99): Illuminate\\Pipeline\\Pipeline->Illuminate\\Pipeline\\{closure}(Object(Illuminate\\Http\\Request))
#74 /Users/Masry/GitHub/ntegty/vendor/laravel/framework/src/Illuminate/Pipeline/Pipeline.php(183): Illuminate\\Foundation\\Http\\Middleware\\PreventRequestsDuringMaintenance->handle(Object(Illuminate\\Http\\Request), Object(Closure))
#75 /Users/Masry/GitHub/ntegty/vendor/laravel/framework/src/Illuminate/Http/Middleware/HandleCors.php(49): Illuminate\\Pipeline\\Pipeline->Illuminate\\Pipeline\\{closure}(Object(Illuminate\\Http\\Request))
#76 /Users/Masry/GitHub/ntegty/vendor/laravel/framework/src/Illuminate/Pipeline/Pipeline.php(183): Illuminate\\Http\\Middleware\\HandleCors->handle(Object(Illuminate\\Http\\Request), Object(Closure))
#77 /Users/Masry/GitHub/ntegty/vendor/laravel/framework/src/Illuminate/Http/Middleware/TrustProxies.php(39): Illuminate\\Pipeline\\Pipeline->Illuminate\\Pipeline\\{closure}(Object(Illuminate\\Http\\Request))
#78 /Users/Masry/GitHub/ntegty/vendor/laravel/framework/src/Illuminate/Pipeline/Pipeline.php(183): Illuminate\\Http\\Middleware\\TrustProxies->handle(Object(Illuminate\\Http\\Request), Object(Closure))
#79 /Users/Masry/GitHub/ntegty/vendor/laravel/framework/src/Illuminate/Pipeline/Pipeline.php(119): Illuminate\\Pipeline\\Pipeline->Illuminate\\Pipeline\\{closure}(Object(Illuminate\\Http\\Request))
#80 /Users/Masry/GitHub/ntegty/vendor/laravel/framework/src/Illuminate/Foundation/Http/Kernel.php(175): Illuminate\\Pipeline\\Pipeline->then(Object(Closure))
#81 /Users/Masry/GitHub/ntegty/vendor/laravel/framework/src/Illuminate/Foundation/Http/Kernel.php(144): Illuminate\\Foundation\\Http\\Kernel->sendRequestThroughRouter(Object(Illuminate\\Http\\Request))
#82 /Users/Masry/GitHub/ntegty/index.php(51): Illuminate\\Foundation\\Http\\Kernel->handle(Object(Illuminate\\Http\\Request))
#83 /Users/Masry/GitHub/ntegty/server.php(13): require_once('/Users/Masry/Gi...')
#84 {main}

[previous exception] [object] (PDOException(code: HY000): SQLSTATE[HY000]: General error: 1 no such table: result_schedules at /Users/Masry/GitHub/ntegty/vendor/laravel/framework/src/Illuminate/Database/Connection.php:423)
[stacktrace]
#0 /Users/Masry/GitHub/ntegty/vendor/laravel/framework/src/Illuminate/Database/Connection.php(423): PDO->prepare('select * from \"...')
#1 /Users/Masry/GitHub/ntegty/vendor/laravel/framework/src/Illuminate/Database/Connection.php(816): Illuminate\\Database\\Connection->Illuminate\\Database\\{closure}('select * from \"...', Array)
#2 /Users/Masry/GitHub/ntegty/vendor/laravel/framework/src/Illuminate/Database/Connection.php(783): Illuminate\\Database\\Connection->runQueryCallback('select * from \"...', Array, Object(Closure))
#3 /Users/Masry/GitHub/ntegty/vendor/laravel/framework/src/Illuminate/Database/Connection.php(414): Illuminate\\Database\\Connection->run('select * from \"...', Array, Object(Closure))
#4 /Users/Masry/GitHub/ntegty/vendor/laravel/framework/src/Illuminate/Database/Query/Builder.php(2913): Illuminate\\Database\\Connection->select('select * from \"...', Array, true)
#5 /Users/Masry/GitHub/ntegty/vendor/laravel/framework/src/Illuminate/Database/Query/Builder.php(2902): Illuminate\\Database\\Query\\Builder->runSelect()
#6 /Users/Masry/GitHub/ntegty/vendor/laravel/framework/src/Illuminate/Database/Query/Builder.php(3456): Illuminate\\Database\\Query\\Builder->Illuminate\\Database\\Query\\{closure}()
#7 /Users/Masry/GitHub/ntegty/vendor/laravel/framework/src/Illuminate/Database/Query/Builder.php(2901): Illuminate\\Database\\Query\\Builder->onceWithColumns(Array, Object(Closure))
#8 /Users/Masry/GitHub/ntegty/vendor/laravel/framework/src/Illuminate/Database/Eloquent/Builder.php(739): Illuminate\\Database\\Query\\Builder->get(Array)
#9 /Users/Masry/GitHub/ntegty/vendor/laravel/framework/src/Illuminate/Database/Eloquent/Builder.php(723): Illuminate\\Database\\Eloquent\\Builder->getModels(Array)
#10 /Users/Masry/GitHub/ntegty/vendor/laravel/framework/src/Illuminate/Database/Concerns/BuildsQueries.php(333): Illuminate\\Database\\Eloquent\\Builder->get(Array)
#11 /Users/Masry/GitHub/ntegty/app/Models/ResultSchedule.php(59): Illuminate\\Database\\Eloquent\\Builder->first()
#12 /Users/Masry/GitHub/ntegty/storage/framework/views/f74c89f0765580b2b6944ca547993f59.php(165): App\\Models\\ResultSchedule::getSchedule('egypt', 'eg_preparatory', 'qalyubia')
#13 /Users/Masry/GitHub/ntegty/vendor/laravel/framework/src/Illuminate/Filesystem/Filesystem.php(123): require('/Users/Masry/Gi...')
#14 /Users/Masry/GitHub/ntegty/vendor/laravel/framework/src/Illuminate/Filesystem/Filesystem.php(124): Illuminate\\Filesystem\\Filesystem::Illuminate\\Filesystem\\{closure}()
#15 /Users/Masry/GitHub/ntegty/vendor/laravel/framework/src/Illuminate/View/Engines/PhpEngine.php(58): Illuminate\\Filesystem\\Filesystem->getRequire('/Users/Masry/Gi...', Array)
#16 /Users/Masry/GitHub/ntegty/vendor/livewire/livewire/src/Mechanisms/ExtendBlade/ExtendedCompilerEngine.php(22): Illuminate\\View\\Engines\\PhpEngine->evaluatePath('/Users/Masry/Gi...', Array)
#17 /Users/Masry/GitHub/ntegty/vendor/laravel/framework/src/Illuminate/View/Engines/CompilerEngine.php(72): Livewire\\Mechanisms\\ExtendBlade\\ExtendedCompilerEngine->evaluatePath('/Users/Masry/Gi...', Array)
#18 /Users/Masry/GitHub/ntegty/vendor/livewire/livewire/src/Mechanisms/ExtendBlade/ExtendedCompilerEngine.php(10): Illuminate\\View\\Engines\\CompilerEngine->get('/Users/Masry/Gi...', Array)
#19 /Users/Masry/GitHub/ntegty/vendor/laravel/framework/src/Illuminate/View/View.php(207): Livewire\\Mechanisms\\ExtendBlade\\ExtendedCompilerEngine->get('/Users/Masry/Gi...', Array)
#20 /Users/Masry/GitHub/ntegty/vendor/laravel/framework/src/Illuminate/View/View.php(190): Illuminate\\View\\View->getContents()
#21 /Users/Masry/GitHub/ntegty/vendor/laravel/framework/src/Illuminate/View/View.php(159): Illuminate\\View\\View->renderContents()
#22 /Users/Masry/GitHub/ntegty/vendor/laravel/framework/src/Illuminate/View/Concerns/ManagesComponents.php(103): Illuminate\\View\\View->render()
#23 /Users/Masry/GitHub/ntegty/storage/framework/views/c65d1786082c2775940651011f14947f.php(84): Illuminate\\View\\Factory->renderComponent()
#24 /Users/Masry/GitHub/ntegty/vendor/laravel/framework/src/Illuminate/Filesystem/Filesystem.php(123): require('/Users/Masry/Gi...')
#25 /Users/Masry/GitHub/ntegty/vendor/laravel/framework/src/Illuminate/Filesystem/Filesystem.php(124): Illuminate\\Filesystem\\Filesystem::Illuminate\\Filesystem\\{closure}()
#26 /Users/Masry/GitHub/ntegty/vendor/laravel/framework/src/Illuminate/View/Engines/PhpEngine.php(58): Illuminate\\Filesystem\\Filesystem->getRequire('/Users/Masry/Gi...', Array)
#27 /Users/Masry/GitHub/ntegty/vendor/livewire/livewire/src/Mechanisms/ExtendBlade/ExtendedCompilerEngine.php(22): Illuminate\\View\\Engines\\PhpEngine->evaluatePath('/Users/Masry/Gi...', Array)
#28 /Users/Masry/GitHub/ntegty/vendor/laravel/framework/src/Illuminate/View/Engines/CompilerEngine.php(72): Livewire\\Mechanisms\\ExtendBlade\\ExtendedCompilerEngine->evaluatePath('/Users/Masry/Gi...', Array)
#29 /Users/Masry/GitHub/ntegty/vendor/livewire/livewire/src/Mechanisms/ExtendBlade/ExtendedCompilerEngine.php(10): Illuminate\\View\\Engines\\CompilerEngine->get('/Users/Masry/Gi...', Array)
#30 /Users/Masry/GitHub/ntegty/vendor/laravel/framework/src/Illuminate/View/View.php(207): Livewire\\Mechanisms\\ExtendBlade\\ExtendedCompilerEngine->get('/Users/Masry/Gi...', Array)
#31 /Users/Masry/GitHub/ntegty/vendor/laravel/framework/src/Illuminate/View/View.php(190): Illuminate\\View\\View->getContents()
#32 /Users/Masry/GitHub/ntegty/vendor/laravel/framework/src/Illuminate/View/View.php(159): Illuminate\\View\\View->renderContents()
#33 /Users/Masry/GitHub/ntegty/vendor/laravel/framework/src/Illuminate/Http/Response.php(69): Illuminate\\View\\View->render()
#34 /Users/Masry/GitHub/ntegty/vendor/laravel/framework/src/Illuminate/Http/Response.php(35): Illuminate\\Http\\Response->setContent(Object(Illuminate\\View\\View))
#35 /Users/Masry/GitHub/ntegty/vendor/laravel/framework/src/Illuminate/Routing/Router.php(918): Illuminate\\Http\\Response->__construct(Object(Illuminate\\View\\View), 200, Array)
#36 /Users/Masry/GitHub/ntegty/vendor/laravel/framework/src/Illuminate/Routing/Router.php(885): Illuminate\\Routing\\Router::toResponse(Object(Illuminate\\Http\\Request), Object(Illuminate\\View\\View))
#37 /Users/Masry/GitHub/ntegty/vendor/laravel/framework/src/Illuminate/Routing/Router.php(805): Illuminate\\Routing\\Router->prepareResponse(Object(Illuminate\\Http\\Request), Object(Illuminate\\View\\View))
#38 /Users/Masry/GitHub/ntegty/vendor/laravel/framework/src/Illuminate/Pipeline/Pipeline.php(144): Illuminate\\Routing\\Router->Illuminate\\Routing\\{closure}(Object(Illuminate\\Http\\Request))
#39 /Users/Masry/GitHub/ntegty/app/Http/Middleware/CacheResponse.php(79): Illuminate\\Pipeline\\Pipeline->Illuminate\\Pipeline\\{closure}(Object(Illuminate\\Http\\Request))
#40 /Users/Masry/GitHub/ntegty/vendor/laravel/framework/src/Illuminate/Pipeline/Pipeline.php(183): App\\Http\\Middleware\\CacheResponse->handle(Object(Illuminate\\Http\\Request), Object(Closure))
#41 /Users/Masry/GitHub/ntegty/app/Http/Middleware/TrackPageViews.php(17): Illuminate\\Pipeline\\Pipeline->Illuminate\\Pipeline\\{closure}(Object(Illuminate\\Http\\Request))
#42 /Users/Masry/GitHub/ntegty/vendor/laravel/framework/src/Illuminate/Pipeline/Pipeline.php(183): App\\Http\\Middleware\\TrackPageViews->handle(Object(Illuminate\\Http\\Request), Object(Closure))
#43 /Users/Masry/GitHub/ntegty/vendor/laravel/framework/src/Illuminate/Routing/Middleware/SubstituteBindings.php(50): Illuminate\\Pipeline\\Pipeline->Illuminate\\Pipeline\\{closure}(Object(Illuminate\\Http\\Request))
#44 /Users/Masry/GitHub/ntegty/vendor/laravel/framework/src/Illuminate/Pipeline/Pipeline.php(183): Illuminate\\Routing\\Middleware\\SubstituteBindings->handle(Object(Illuminate\\Http\\Request), Object(Closure))
#45 /Users/Masry/GitHub/ntegty/vendor/laravel/framework/src/Illuminate/Foundation/Http/Middleware/VerifyCsrfToken.php(78): Illuminate\\Pipeline\\Pipeline->Illuminate\\Pipeline\\{closure}(Object(Illuminate\\Http\\Request))
#46 /Users/Masry/GitHub/ntegty/vendor/laravel/framework/src/Illuminate/Pipeline/Pipeline.php(183): Illuminate\\Foundation\\Http\\Middleware\\VerifyCsrfToken->handle(Object(Illuminate\\Http\\Request), Object(Closure))
#47 /Users/Masry/GitHub/ntegty/vendor/laravel/framework/src/Illuminate/View/Middleware/ShareErrorsFromSession.php(49): Illuminate\\Pipeline\\Pipeline->Illuminate\\Pipeline\\{closure}(Object(Illuminate\\Http\\Request))
#48 /Users/Masry/GitHub/ntegty/vendor/laravel/framework/src/Illuminate/Pipeline/Pipeline.php(183): Illuminate\\View\\Middleware\\ShareErrorsFromSession->handle(Object(Illuminate\\Http\\Request), Object(Closure))
#49 /Users/Masry/GitHub/ntegty/vendor/laravel/framework/src/Illuminate/Session/Middleware/StartSession.php(121): Illuminate\\Pipeline\\Pipeline->Illuminate\\Pipeline\\{closure}(Object(Illuminate\\Http\\Request))
#50 /Users/Masry/GitHub/ntegty/vendor/laravel/framework/src/Illuminate/Session/Middleware/StartSession.php(64): Illuminate\\Session\\Middleware\\StartSession->handleStatefulRequest(Object(Illuminate\\Http\\Request), Object(Illuminate\\Session\\Store), Object(Closure))
#51 /Users/Masry/GitHub/ntegty/vendor/laravel/framework/src/Illuminate/Pipeline/Pipeline.php(183): Illuminate\\Session\\Middleware\\StartSession->handle(Object(Illuminate\\Http\\Request), Object(Closure))
#52 /Users/Masry/GitHub/ntegty/vendor/laravel/framework/src/Illuminate/Cookie/Middleware/AddQueuedCookiesToResponse.php(37): Illuminate\\Pipeline\\Pipeline->Illuminate\\Pipeline\\{closure}(Object(Illuminate\\Http\\Request))
#53 /Users/Masry/GitHub/ntegty/vendor/laravel/framework/src/Illuminate/Pipeline/Pipeline.php(183): Illuminate\\Cookie\\Middleware\\AddQueuedCookiesToResponse->handle(Object(Illuminate\\Http\\Request), Object(Closure))
#54 /Users/Masry/GitHub/ntegty/vendor/laravel/framework/src/Illuminate/Cookie/Middleware/EncryptCookies.php(67): Illuminate\\Pipeline\\Pipeline->Illuminate\\Pipeline\\{closure}(Object(Illuminate\\Http\\Request))
#55 /Users/Masry/GitHub/ntegty/vendor/laravel/framework/src/Illuminate/Pipeline/Pipeline.php(183): Illuminate\\Cookie\\Middleware\\EncryptCookies->handle(Object(Illuminate\\Http\\Request), Object(Closure))
#56 /Users/Masry/GitHub/ntegty/vendor/laravel/framework/src/Illuminate/Pipeline/Pipeline.php(119): Illuminate\\Pipeline\\Pipeline->Illuminate\\Pipeline\\{closure}(Object(Illuminate\\Http\\Request))
#57 /Users/Masry/GitHub/ntegty/vendor/laravel/framework/src/Illuminate/Routing/Router.php(805): Illuminate\\Pipeline\\Pipeline->then(Object(Closure))
#58 /Users/Masry/GitHub/ntegty/vendor/laravel/framework/src/Illuminate/Routing/Router.php(784): Illuminate\\Routing\\Router->runRouteWithinStack(Object(Illuminate\\Routing\\Route), Object(Illuminate\\Http\\Request))
#59 /Users/Masry/GitHub/ntegty/vendor/laravel/framework/src/Illuminate/Routing/Router.php(748): Illuminate\\Routing\\Router->runRoute(Object(Illuminate\\Http\\Request), Object(Illuminate\\Routing\\Route))
#60 /Users/Masry/GitHub/ntegty/vendor/laravel/framework/src/Illuminate/Routing/Router.php(737): Illuminate\\Routing\\Router->dispatchToRoute(Object(Illuminate\\Http\\Request))
#61 /Users/Masry/GitHub/ntegty/vendor/laravel/framework/src/Illuminate/Foundation/Http/Kernel.php(200): Illuminate\\Routing\\Router->dispatch(Object(Illuminate\\Http\\Request))
#62 /Users/Masry/GitHub/ntegty/vendor/laravel/framework/src/Illuminate/Pipeline/Pipeline.php(144): Illuminate\\Foundation\\Http\\Kernel->Illuminate\\Foundation\\Http\\{closure}(Object(Illuminate\\Http\\Request))
#63 /Users/Masry/GitHub/ntegty/vendor/livewire/livewire/src/Features/SupportDisablingBackButtonCache/DisableBackButtonCacheMiddleware.php(19): Illuminate\\Pipeline\\Pipeline->Illuminate\\Pipeline\\{closure}(Object(Illuminate\\Http\\Request))
#64 /Users/Masry/GitHub/ntegty/vendor/laravel/framework/src/Illuminate/Pipeline/Pipeline.php(183): Livewire\\Features\\SupportDisablingBackButtonCache\\DisableBackButtonCacheMiddleware->handle(Object(Illuminate\\Http\\Request), Object(Closure))
#65 /Users/Masry/GitHub/ntegty/app/Http/Middleware/SeoHeadersMiddleware.php(18): Illuminate\\Pipeline\\Pipeline->Illuminate\\Pipeline\\{closure}(Object(Illuminate\\Http\\Request))
#66 /Users/Masry/GitHub/ntegty/vendor/laravel/framework/src/Illuminate/Pipeline/Pipeline.php(183): App\\Http\\Middleware\\SeoHeadersMiddleware->handle(Object(Illuminate\\Http\\Request), Object(Closure))
#67 /Users/Masry/GitHub/ntegty/vendor/laravel/framework/src/Illuminate/Foundation/Http/Middleware/TransformsRequest.php(21): Illuminate\\Pipeline\\Pipeline->Illuminate\\Pipeline\\{closure}(Object(Illuminate\\Http\\Request))
#68 /Users/Masry/GitHub/ntegty/vendor/laravel/framework/src/Illuminate/Foundation/Http/Middleware/ConvertEmptyStringsToNull.php(31): Illuminate\\Foundation\\Http\\Middleware\\TransformsRequest->handle(Object(Illuminate\\Http\\Request), Object(Closure))
#69 /Users/Masry/GitHub/ntegty/vendor/laravel/framework/src/Illuminate/Pipeline/Pipeline.php(183): Illuminate\\Foundation\\Http\\Middleware\\ConvertEmptyStringsToNull->handle(Object(Illuminate\\Http\\Request), Object(Closure))
#70 /Users/Masry/GitHub/ntegty/vendor/laravel/framework/src/Illuminate/Foundation/Http/Middleware/TransformsRequest.php(21): Illuminate\\Pipeline\\Pipeline->Illuminate\\Pipeline\\{closure}(Object(Illuminate\\Http\\Request))
#71 /Users/Masry/GitHub/ntegty/vendor/laravel/framework/src/Illuminate/Foundation/Http/Middleware/TrimStrings.php(40): Illuminate\\Foundation\\Http\\Middleware\\TransformsRequest->handle(Object(Illuminate\\Http\\Request), Object(Closure))
#72 /Users/Masry/GitHub/ntegty/vendor/laravel/framework/src/Illuminate/Pipeline/Pipeline.php(183): Illuminate\\Foundation\\Http\\Middleware\\TrimStrings->handle(Object(Illuminate\\Http\\Request), Object(Closure))
#73 /Users/Masry/GitHub/ntegty/vendor/laravel/framework/src/Illuminate/Foundation/Http/Middleware/ValidatePostSize.php(27): Illuminate\\Pipeline\\Pipeline->Illuminate\\Pipeline\\{closure}(Object(Illuminate\\Http\\Request))
#74 /Users/Masry/GitHub/ntegty/vendor/laravel/framework/src/Illuminate/Pipeline/Pipeline.php(183): Illuminate\\Foundation\\Http\\Middleware\\ValidatePostSize->handle(Object(Illuminate\\Http\\Request), Object(Closure))
#75 /Users/Masry/GitHub/ntegty/vendor/laravel/framework/src/Illuminate/Foundation/Http/Middleware/PreventRequestsDuringMaintenance.php(99): Illuminate\\Pipeline\\Pipeline->Illuminate\\Pipeline\\{closure}(Object(Illuminate\\Http\\Request))
#76 /Users/Masry/GitHub/ntegty/vendor/laravel/framework/src/Illuminate/Pipeline/Pipeline.php(183): Illuminate\\Foundation\\Http\\Middleware\\PreventRequestsDuringMaintenance->handle(Object(Illuminate\\Http\\Request), Object(Closure))
#77 /Users/Masry/GitHub/ntegty/vendor/laravel/framework/src/Illuminate/Http/Middleware/HandleCors.php(49): Illuminate\\Pipeline\\Pipeline->Illuminate\\Pipeline\\{closure}(Object(Illuminate\\Http\\Request))
#78 /Users/Masry/GitHub/ntegty/vendor/laravel/framework/src/Illuminate/Pipeline/Pipeline.php(183): Illuminate\\Http\\Middleware\\HandleCors->handle(Object(Illuminate\\Http\\Request), Object(Closure))
#79 /Users/Masry/GitHub/ntegty/vendor/laravel/framework/src/Illuminate/Http/Middleware/TrustProxies.php(39): Illuminate\\Pipeline\\Pipeline->Illuminate\\Pipeline\\{closure}(Object(Illuminate\\Http\\Request))
#80 /Users/Masry/GitHub/ntegty/vendor/laravel/framework/src/Illuminate/Pipeline/Pipeline.php(183): Illuminate\\Http\\Middleware\\TrustProxies->handle(Object(Illuminate\\Http\\Request), Object(Closure))
#81 /Users/Masry/GitHub/ntegty/vendor/laravel/framework/src/Illuminate/Pipeline/Pipeline.php(119): Illuminate\\Pipeline\\Pipeline->Illuminate\\Pipeline\\{closure}(Object(Illuminate\\Http\\Request))
#82 /Users/Masry/GitHub/ntegty/vendor/laravel/framework/src/Illuminate/Foundation/Http/Kernel.php(175): Illuminate\\Pipeline\\Pipeline->then(Object(Closure))
#83 /Users/Masry/GitHub/ntegty/vendor/laravel/framework/src/Illuminate/Foundation/Http/Kernel.php(144): Illuminate\\Foundation\\Http\\Kernel->sendRequestThroughRouter(Object(Illuminate\\Http\\Request))
#84 /Users/Masry/GitHub/ntegty/index.php(51): Illuminate\\Foundation\\Http\\Kernel->handle(Object(Illuminate\\Http\\Request))
#85 /Users/Masry/GitHub/ntegty/server.php(13): require_once('/Users/Masry/Gi...')
#86 {main}
"} 
[2026-04-13 20:50:15] local.ERROR: Attempt to read property "id" on null {"view":{"view":"/Users/Masry/GitHub/ntegty/resources/views/egypt/diplomas.blade.php","data":{"headerCountries":"<pre class=sf-dump id=sf-dump-933658653 data-indent-pad=\"  \"><span class=sf-dump-note>Illuminate\\Database\\Eloquent\\Collection</span> {<a class=sf-dump-ref>#1607</a><samp data-depth=1 class=sf-dump-expanded>
  #<span class=sf-dump-protected title=\"Protected property\">items</span>: <span class=sf-dump-note>array:2</span> [<samp data-depth=2 class=sf-dump-compact>
    <span class=sf-dump-index>0</span> => <span class=\"sf-dump-note sf-dump-ellipsization\" title=\"App\\Models\\Country
\"><span class=\"sf-dump-ellipsis sf-dump-ellipsis-note\">App\\Models</span><span class=\"sf-dump-ellipsis sf-dump-ellipsis-note\">\\</span><span class=\"sf-dump-ellipsis-tail\">Country</span></span> {<a class=sf-dump-ref>#1606</a><samp data-depth=3 class=sf-dump-compact>
      #<span class=sf-dump-protected title=\"Protected property\">connection</span>: \"<span class=sf-dump-str title=\"6 characters\">sqlite</span>\"
      #<span class=sf-dump-protected title=\"Protected property\">table</span>: \"<span class=sf-dump-str title=\"9 characters\">countries</span>\"
      #<span class=sf-dump-protected title=\"Protected property\">primaryKey</span>: \"<span class=sf-dump-str title=\"2 characters\">id</span>\"
      #<span class=sf-dump-protected title=\"Protected property\">keyType</span>: \"<span class=sf-dump-str title=\"3 characters\">int</span>\"
      +<span class=sf-dump-public title=\"Public property\">incrementing</span>: <span class=sf-dump-const>true</span>
      #<span class=sf-dump-protected title=\"Protected property\">with</span>: []
      #<span class=sf-dump-protected title=\"Protected property\">withCount</span>: []
      +<span class=sf-dump-public title=\"Public property\">preventsLazyLoading</span>: <span class=sf-dump-const>false</span>
      #<span class=sf-dump-protected title=\"Protected property\">perPage</span>: <span class=sf-dump-num>15</span>
      +<span class=sf-dump-public title=\"Public property\">exists</span>: <span class=sf-dump-const>true</span>
      +<span class=sf-dump-public title=\"Public property\">wasRecentlyCreated</span>: <span class=sf-dump-const>false</span>
      #<span class=sf-dump-protected title=\"Protected property\">escapeWhenCastingToString</span>: <span class=sf-dump-const>false</span>
      #<span class=sf-dump-protected title=\"Protected property\">attributes</span>: <span class=sf-dump-note>array:20</span> [ &#8230;20]
      #<span class=sf-dump-protected title=\"Protected property\">original</span>: <span class=sf-dump-note>array:20</span> [ &#8230;20]
      #<span class=sf-dump-protected title=\"Protected property\">changes</span>: []
      #<span class=sf-dump-protected title=\"Protected property\">casts</span>: <span class=sf-dump-note>array:2</span> [ &#8230;2]
      #<span class=sf-dump-protected title=\"Protected property\">classCastCache</span>: []
      #<span class=sf-dump-protected title=\"Protected property\">attributeCastCache</span>: []
      #<span class=sf-dump-protected title=\"Protected property\">dateFormat</span>: <span class=sf-dump-const>null</span>
      #<span class=sf-dump-protected title=\"Protected property\">appends</span>: []
      #<span class=sf-dump-protected title=\"Protected property\">dispatchesEvents</span>: []
      #<span class=sf-dump-protected title=\"Protected property\">observables</span>: []
      #<span class=sf-dump-protected title=\"Protected property\">relations</span>: []
      #<span class=sf-dump-protected title=\"Protected property\">touches</span>: []
      +<span class=sf-dump-public title=\"Public property\">timestamps</span>: <span class=sf-dump-const>true</span>
      +<span class=sf-dump-public title=\"Public property\">usesUniqueIds</span>: <span class=sf-dump-const>false</span>
      #<span class=sf-dump-protected title=\"Protected property\">hidden</span>: []
      #<span class=sf-dump-protected title=\"Protected property\">visible</span>: []
      #<span class=sf-dump-protected title=\"Protected property\">fillable</span>: <span class=sf-dump-note>array:17</span> [ &#8230;17]
      #<span class=sf-dump-protected title=\"Protected property\">guarded</span>: <span class=sf-dump-note>array:1</span> [ &#8230;1]
    </samp>}
    <span class=sf-dump-index>1</span> => <span class=\"sf-dump-note sf-dump-ellipsization\" title=\"App\\Models\\Country
\"><span class=\"sf-dump-ellipsis sf-dump-ellipsis-note\">App\\Models</span><span class=\"sf-dump-ellipsis sf-dump-ellipsis-note\">\\</span><span class=\"sf-dump-ellipsis-tail\">Country</span></span> {<a class=sf-dump-ref>#1605</a><samp data-depth=3 class=sf-dump-compact>
      #<span class=sf-dump-protected title=\"Protected property\">connection</span>: \"<span class=sf-dump-str title=\"6 characters\">sqlite</span>\"
      #<span class=sf-dump-protected title=\"Protected property\">table</span>: \"<span class=sf-dump-str title=\"9 characters\">countries</span>\"
      #<span class=sf-dump-protected title=\"Protected property\">primaryKey</span>: \"<span class=sf-dump-str title=\"2 characters\">id</span>\"
      #<span class=sf-dump-protected title=\"Protected property\">keyType</span>: \"<span class=sf-dump-str title=\"3 characters\">int</span>\"
      +<span class=sf-dump-public title=\"Public property\">incrementing</span>: <span class=sf-dump-const>true</span>
      #<span class=sf-dump-protected title=\"Protected property\">with</span>: []
      #<span class=sf-dump-protected title=\"Protected property\">withCount</span>: []
      +<span class=sf-dump-public title=\"Public property\">preventsLazyLoading</span>: <span class=sf-dump-const>false</span>
      #<span class=sf-dump-protected title=\"Protected property\">perPage</span>: <span class=sf-dump-num>15</span>
      +<span class=sf-dump-public title=\"Public property\">exists</span>: <span class=sf-dump-const>true</span>
      +<span class=sf-dump-public title=\"Public property\">wasRecentlyCreated</span>: <span class=sf-dump-const>false</span>
      #<span class=sf-dump-protected title=\"Protected property\">escapeWhenCastingToString</span>: <span class=sf-dump-const>false</span>
      #<span class=sf-dump-protected title=\"Protected property\">attributes</span>: <span class=sf-dump-note>array:20</span> [ &#8230;20]
      #<span class=sf-dump-protected title=\"Protected property\">original</span>: <span class=sf-dump-note>array:20</span> [ &#8230;20]
      #<span class=sf-dump-protected title=\"Protected property\">changes</span>: []
      #<span class=sf-dump-protected title=\"Protected property\">casts</span>: <span class=sf-dump-note>array:2</span> [ &#8230;2]
      #<span class=sf-dump-protected title=\"Protected property\">classCastCache</span>: []
      #<span class=sf-dump-protected title=\"Protected property\">attributeCastCache</span>: []
      #<span class=sf-dump-protected title=\"Protected property\">dateFormat</span>: <span class=sf-dump-const>null</span>
      #<span class=sf-dump-protected title=\"Protected property\">appends</span>: []
      #<span class=sf-dump-protected title=\"Protected property\">dispatchesEvents</span>: []
      #<span class=sf-dump-protected title=\"Protected property\">observables</span>: []
      #<span class=sf-dump-protected title=\"Protected property\">relations</span>: []
      #<span class=sf-dump-protected title=\"Protected property\">touches</span>: []
      +<span class=sf-dump-public title=\"Public property\">timestamps</span>: <span class=sf-dump-const>true</span>
      +<span class=sf-dump-public title=\"Public property\">usesUniqueIds</span>: <span class=sf-dump-const>false</span>
      #<span class=sf-dump-protected title=\"Protected property\">hidden</span>: []
      #<span class=sf-dump-protected title=\"Protected property\">visible</span>: []
      #<span class=sf-dump-protected title=\"Protected property\">fillable</span>: <span class=sf-dump-note>array:17</span> [ &#8230;17]
      #<span class=sf-dump-protected title=\"Protected property\">guarded</span>: <span class=sf-dump-note>array:1</span> [ &#8230;1]
    </samp>}
  </samp>]
  #<span class=sf-dump-protected title=\"Protected property\">escapeWhenCastingToString</span>: <span class=sf-dump-const>false</span>
</samp>}
</pre><script>Sfdump(\"sf-dump-933658653\", {\"maxDepth\":3,\"maxStringLength\":160})</script>
","settings":"<pre class=sf-dump id=sf-dump-604570057 data-indent-pad=\"  \">[]
</pre><script>Sfdump(\"sf-dump-604570057\", {\"maxDepth\":3,\"maxStringLength\":160})</script>
","errors":"<pre class=sf-dump id=sf-dump-2075725933 data-indent-pad=\"  \"><span class=sf-dump-note>Illuminate\\Support\\ViewErrorBag</span> {<a class=sf-dump-ref>#1875</a><samp data-depth=1 class=sf-dump-expanded>
  #<span class=sf-dump-protected title=\"Protected property\">bags</span>: []
</samp>}
</pre><script>Sfdump(\"sf-dump-2075725933\", {\"maxDepth\":3,\"maxStringLength\":160})</script>
","title":"<pre class=sf-dump id=sf-dump-845165403 data-indent-pad=\"  \">\"<span class=sf-dump-str title=\"34 characters\">&#1606;&#1578;&#1610;&#1580;&#1577; &#1575;&#1604;&#1583;&#1576;&#1604;&#1608;&#1605;&#1575;&#1578; &#1575;&#1604;&#1601;&#1606;&#1610;&#1577; &#1601;&#1610; &#1605;&#1589;&#1585; 2026</span>\"
</pre><script>Sfdump(\"sf-dump-845165403\", {\"maxDepth\":3,\"maxStringLength\":160})</script>
","meta":"<pre class=sf-dump id=sf-dump-1972496177 data-indent-pad=\"  \"><span class=sf-dump-note>array:16</span> [<samp data-depth=1 class=sf-dump-expanded>
  \"<span class=sf-dump-key>title</span>\" => \"<span class=sf-dump-str title=\"43 characters\">&#1606;&#1578;&#1610;&#1580;&#1577; &#1575;&#1604;&#1583;&#1576;&#1604;&#1608;&#1605;&#1575;&#1578; &#1575;&#1604;&#1601;&#1606;&#1610;&#1577; &#1601;&#1610; &#1605;&#1589;&#1585; 2026 | &#1606;&#1578;&#1610;&#1580;&#1578;&#1610;</span>\"
  \"<span class=sf-dump-key>description</span>\" => \"<span class=sf-dump-str title=\"78 characters\">&#1606;&#1578;&#1610;&#1580;&#1577; &#1575;&#1604;&#1583;&#1576;&#1604;&#1608;&#1605;&#1575;&#1578; &#1575;&#1604;&#1601;&#1606;&#1610;&#1577; (&#1578;&#1580;&#1575;&#1585;&#1610; - &#1589;&#1606;&#1575;&#1593;&#1610; - &#1586;&#1585;&#1575;&#1593;&#1610; - &#1601;&#1606;&#1583;&#1602;&#1610;) - &#1575;&#1576;&#1581;&#1579; &#1576;&#1585;&#1602;&#1605; &#1575;&#1604;&#1580;&#1604;&#1608;&#1587; 2026</span>\"
  \"<span class=sf-dump-key>canonical</span>\" => \"<span class=sf-dump-str title=\"36 characters\">http://localhost:8000/egypt/diplomas</span>\"
  \"<span class=sf-dump-key>robots</span>\" => \"<span class=sf-dump-str title=\"13 characters\">index, follow</span>\"
  \"<span class=sf-dump-key>og_title</span>\" => \"<span class=sf-dump-str title=\"43 characters\">&#1606;&#1578;&#1610;&#1580;&#1577; &#1575;&#1604;&#1583;&#1576;&#1604;&#1608;&#1605;&#1575;&#1578; &#1575;&#1604;&#1601;&#1606;&#1610;&#1577; &#1601;&#1610; &#1605;&#1589;&#1585; 2026 | &#1606;&#1578;&#1610;&#1580;&#1578;&#1610;</span>\"
  \"<span class=sf-dump-key>og_description</span>\" => \"<span class=sf-dump-str title=\"78 characters\">&#1606;&#1578;&#1610;&#1580;&#1577; &#1575;&#1604;&#1583;&#1576;&#1604;&#1608;&#1605;&#1575;&#1578; &#1575;&#1604;&#1601;&#1606;&#1610;&#1577; (&#1578;&#1580;&#1575;&#1585;&#1610; - &#1589;&#1606;&#1575;&#1593;&#1610; - &#1586;&#1585;&#1575;&#1593;&#1610; - &#1601;&#1606;&#1583;&#1602;&#1610;) - &#1575;&#1576;&#1581;&#1579; &#1576;&#1585;&#1602;&#1605; &#1575;&#1604;&#1580;&#1604;&#1608;&#1587; 2026</span>\"
  \"<span class=sf-dump-key>og_image</span>\" => \"<span class=sf-dump-str title=\"43 characters\">http://localhost:8000/images/og-default.png</span>\"
  \"<span class=sf-dump-key>og_image_width</span>\" => <span class=sf-dump-num>1200</span>
  \"<span class=sf-dump-key>og_image_height</span>\" => <span class=sf-dump-num>630</span>
  \"<span class=sf-dump-key>og_type</span>\" => \"<span class=sf-dump-str title=\"7 characters\">website</span>\"
  \"<span class=sf-dump-key>og_url</span>\" => \"<span class=sf-dump-str title=\"36 characters\">http://localhost:8000/egypt/diplomas</span>\"
  \"<span class=sf-dump-key>twitter_card</span>\" => \"<span class=sf-dump-str title=\"19 characters\">summary_large_image</span>\"
  \"<span class=sf-dump-key>twitter_site</span>\" => \"<span class=sf-dump-str title=\"7 characters\">@ntegty</span>\"
  \"<span class=sf-dump-key>twitter_title</span>\" => \"<span class=sf-dump-str title=\"43 characters\">&#1606;&#1578;&#1610;&#1580;&#1577; &#1575;&#1604;&#1583;&#1576;&#1604;&#1608;&#1605;&#1575;&#1578; &#1575;&#1604;&#1601;&#1606;&#1610;&#1577; &#1601;&#1610; &#1605;&#1589;&#1585; 2026 | &#1606;&#1578;&#1610;&#1580;&#1578;&#1610;</span>\"
  \"<span class=sf-dump-key>twitter_description</span>\" => \"<span class=sf-dump-str title=\"78 characters\">&#1606;&#1578;&#1610;&#1580;&#1577; &#1575;&#1604;&#1583;&#1576;&#1604;&#1608;&#1605;&#1575;&#1578; &#1575;&#1604;&#1601;&#1606;&#1610;&#1577; (&#1578;&#1580;&#1575;&#1585;&#1610; - &#1589;&#1606;&#1575;&#1593;&#1610; - &#1586;&#1585;&#1575;&#1593;&#1610; - &#1601;&#1606;&#1583;&#1602;&#1610;) - &#1575;&#1576;&#1581;&#1579; &#1576;&#1585;&#1602;&#1605; &#1575;&#1604;&#1580;&#1604;&#1608;&#1587; 2026</span>\"
  \"<span class=sf-dump-key>twitter_image</span>\" => \"<span class=sf-dump-str title=\"43 characters\">http://localhost:8000/images/og-default.png</span>\"
</samp>]
</pre><script>Sfdump(\"sf-dump-1972496177\", {\"maxDepth\":3,\"maxStringLength\":160})</script>
","diplomaExamType":"<pre class=sf-dump id=sf-dump-151257872 data-indent-pad=\"  \"><span class=sf-dump-const>null</span>
</pre><script>Sfdump(\"sf-dump-151257872\", {\"maxDepth\":3,\"maxStringLength\":160})</script>
","branches":"<pre class=sf-dump id=sf-dump-1585608392 data-indent-pad=\"  \"><span class=sf-dump-note>Illuminate\\Support\\Collection</span> {<a class=sf-dump-ref>#1985</a><samp data-depth=1 class=sf-dump-expanded>
  #<span class=sf-dump-protected title=\"Protected property\">items</span>: []
  #<span class=sf-dump-protected title=\"Protected property\">escapeWhenCastingToString</span>: <span class=sf-dump-const>false</span>
</samp>}
</pre><script>Sfdump(\"sf-dump-1585608392\", {\"maxDepth\":3,\"maxStringLength\":160})</script>
","breadcrumbs":"<pre class=sf-dump id=sf-dump-525277271 data-indent-pad=\"  \"><span class=sf-dump-note>array:3</span> [<samp data-depth=1 class=sf-dump-expanded>
  <span class=sf-dump-index>0</span> => <span class=sf-dump-note>array:2</span> [<samp data-depth=2 class=sf-dump-compact>
    \"<span class=sf-dump-key>name</span>\" => \"<span class=sf-dump-str title=\"8 characters\">&#1575;&#1604;&#1585;&#1574;&#1610;&#1587;&#1610;&#1577;</span>\"
    \"<span class=sf-dump-key>url</span>\" => \"<span class=sf-dump-str title=\"21 characters\">http://localhost:8000</span>\"
  </samp>]
  <span class=sf-dump-index>1</span> => <span class=sf-dump-note>array:2</span> [<samp data-depth=2 class=sf-dump-compact>
    \"<span class=sf-dump-key>name</span>\" => \"<span class=sf-dump-str title=\"9 characters\">&#1606;&#1578;&#1575;&#1574;&#1580; &#1605;&#1589;&#1585;</span>\"
    \"<span class=sf-dump-key>url</span>\" => \"<span class=sf-dump-str title=\"27 characters\">http://localhost:8000/egypt</span>\"
  </samp>]
  <span class=sf-dump-index>2</span> => <span class=sf-dump-note>array:2</span> [<samp data-depth=2 class=sf-dump-compact>
    \"<span class=sf-dump-key>name</span>\" => \"<span class=sf-dump-str title=\"16 characters\">&#1575;&#1604;&#1583;&#1576;&#1604;&#1608;&#1605;&#1575;&#1578; &#1575;&#1604;&#1601;&#1606;&#1610;&#1577;</span>\"
    \"<span class=sf-dump-key>url</span>\" => \"<span class=sf-dump-str title=\"36 characters\">http://localhost:8000/egypt/diplomas</span>\"
  </samp>]
</samp>]
</pre><script>Sfdump(\"sf-dump-525277271\", {\"maxDepth\":3,\"maxStringLength\":160})</script>
","egypt":"<pre class=sf-dump id=sf-dump-562163145 data-indent-pad=\"  \"><span class=sf-dump-note>App\\Models\\Country</span> {<a class=sf-dump-ref>#1882</a><samp data-depth=1 class=sf-dump-expanded>
  #<span class=sf-dump-protected title=\"Protected property\">connection</span>: \"<span class=sf-dump-str title=\"6 characters\">sqlite</span>\"
  #<span class=sf-dump-protected title=\"Protected property\">table</span>: \"<span class=sf-dump-str title=\"9 characters\">countries</span>\"
  #<span class=sf-dump-protected title=\"Protected property\">primaryKey</span>: \"<span class=sf-dump-str title=\"2 characters\">id</span>\"
  #<span class=sf-dump-protected title=\"Protected property\">keyType</span>: \"<span class=sf-dump-str title=\"3 characters\">int</span>\"
  +<span class=sf-dump-public title=\"Public property\">incrementing</span>: <span class=sf-dump-const>true</span>
  #<span class=sf-dump-protected title=\"Protected property\">with</span>: []
  #<span class=sf-dump-protected title=\"Protected property\">withCount</span>: []
  +<span class=sf-dump-public title=\"Public property\">preventsLazyLoading</span>: <span class=sf-dump-const>false</span>
  #<span class=sf-dump-protected title=\"Protected property\">perPage</span>: <span class=sf-dump-num>15</span>
  +<span class=sf-dump-public title=\"Public property\">exists</span>: <span class=sf-dump-const>true</span>
  +<span class=sf-dump-public title=\"Public property\">wasRecentlyCreated</span>: <span class=sf-dump-const>false</span>
  #<span class=sf-dump-protected title=\"Protected property\">escapeWhenCastingToString</span>: <span class=sf-dump-const>false</span>
  #<span class=sf-dump-protected title=\"Protected property\">attributes</span>: <span class=sf-dump-note>array:20</span> [<samp data-depth=2 class=sf-dump-compact>
    \"<span class=sf-dump-key>id</span>\" => <span class=sf-dump-num>1</span>
    \"<span class=sf-dump-key>name_ar</span>\" => \"<span class=sf-dump-str title=\"3 characters\">&#1605;&#1589;&#1585;</span>\"
    \"<span class=sf-dump-key>name_en</span>\" => \"<span class=sf-dump-str title=\"5 characters\">Egypt</span>\"
    \"<span class=sf-dump-key>code</span>\" => \"<span class=sf-dump-str title=\"2 characters\">EG</span>\"
    \"<span class=sf-dump-key>flag_icon</span>\" => \"<span class=sf-dump-str title=\"2 characters\">&#127466;&#127468;</span>\"
    \"<span class=sf-dump-key>created_at</span>\" => \"<span class=sf-dump-str title=\"19 characters\">2026-04-13 20:47:40</span>\"
    \"<span class=sf-dump-key>updated_at</span>\" => \"<span class=sf-dump-str title=\"19 characters\">2026-04-13 20:47:40</span>\"
    \"<span class=sf-dump-key>is_active</span>\" => <span class=sf-dump-num>1</span>
    \"<span class=sf-dump-key>slug</span>\" => \"<span class=sf-dump-str title=\"5 characters\">egypt</span>\"
    \"<span class=sf-dump-key>government_type</span>\" => \"<span class=sf-dump-str title=\"7 characters\">&#1580;&#1605;&#1607;&#1608;&#1585;&#1610;&#1577;</span>\"
    \"<span class=sf-dump-key>academic_year</span>\" => \"<span class=sf-dump-str title=\"4 characters\">2026</span>\"
    \"<span class=sf-dump-key>semester</span>\" => <span class=sf-dump-const>null</span>
    \"<span class=sf-dump-key>telegram_url</span>\" => <span class=sf-dump-const>null</span>
    \"<span class=sf-dump-key>seo_title</span>\" => <span class=sf-dump-const>null</span>
    \"<span class=sf-dump-key>seo_description</span>\" => <span class=sf-dump-const>null</span>
    \"<span class=sf-dump-key>seo_keywords</span>\" => <span class=sf-dump-const>null</span>
    \"<span class=sf-dump-key>content_title</span>\" => <span class=sf-dump-const>null</span>
    \"<span class=sf-dump-key>content_intro</span>\" => <span class=sf-dump-const>null</span>
    \"<span class=sf-dump-key>content_body</span>\" => <span class=sf-dump-const>null</span>
    \"<span class=sf-dump-key>show_content_section</span>\" => <span class=sf-dump-num>1</span>
  </samp>]
  #<span class=sf-dump-protected title=\"Protected property\">original</span>: <span class=sf-dump-note>array:20</span> [<samp data-depth=2 class=sf-dump-compact>
    \"<span class=sf-dump-key>id</span>\" => <span class=sf-dump-num>1</span>
    \"<span class=sf-dump-key>name_ar</span>\" => \"<span class=sf-dump-str title=\"3 characters\">&#1605;&#1589;&#1585;</span>\"
    \"<span class=sf-dump-key>name_en</span>\" => \"<span class=sf-dump-str title=\"5 characters\">Egypt</span>\"
    \"<span class=sf-dump-key>code</span>\" => \"<span class=sf-dump-str title=\"2 characters\">EG</span>\"
    \"<span class=sf-dump-key>flag_icon</span>\" => \"<span class=sf-dump-str title=\"2 characters\">&#127466;&#127468;</span>\"
    \"<span class=sf-dump-key>created_at</span>\" => \"<span class=sf-dump-str title=\"19 characters\">2026-04-13 20:47:40</span>\"
    \"<span class=sf-dump-key>updated_at</span>\" => \"<span class=sf-dump-str title=\"19 characters\">2026-04-13 20:47:40</span>\"
    \"<span class=sf-dump-key>is_active</span>\" => <span class=sf-dump-num>1</span>
    \"<span class=sf-dump-key>slug</span>\" => \"<span class=sf-dump-str title=\"5 characters\">egypt</span>\"
    \"<span class=sf-dump-key>government_type</span>\" => \"<span class=sf-dump-str title=\"7 characters\">&#1580;&#1605;&#1607;&#1608;&#1585;&#1610;&#1577;</span>\"
    \"<span class=sf-dump-key>academic_year</span>\" => \"<span class=sf-dump-str title=\"4 characters\">2026</span>\"
    \"<span class=sf-dump-key>semester</span>\" => <span class=sf-dump-const>null</span>
    \"<span class=sf-dump-key>telegram_url</span>\" => <span class=sf-dump-const>null</span>
    \"<span class=sf-dump-key>seo_title</span>\" => <span class=sf-dump-const>null</span>
    \"<span class=sf-dump-key>seo_description</span>\" => <span class=sf-dump-const>null</span>
    \"<span class=sf-dump-key>seo_keywords</span>\" => <span class=sf-dump-const>null</span>
    \"<span class=sf-dump-key>content_title</span>\" => <span class=sf-dump-const>null</span>
    \"<span class=sf-dump-key>content_intro</span>\" => <span class=sf-dump-const>null</span>
    \"<span class=sf-dump-key>content_body</span>\" => <span class=sf-dump-const>null</span>
    \"<span class=sf-dump-key>show_content_section</span>\" => <span class=sf-dump-num>1</span>
  </samp>]
  #<span class=sf-dump-protected title=\"Protected property\">changes</span>: []
  #<span class=sf-dump-protected title=\"Protected property\">casts</span>: <span class=sf-dump-note>array:2</span> [<samp data-depth=2 class=sf-dump-compact>
    \"<span class=sf-dump-key>is_active</span>\" => \"<span class=sf-dump-str title=\"7 characters\">boolean</span>\"
    \"<span class=sf-dump-key>show_content_section</span>\" => \"<span class=sf-dump-str title=\"7 characters\">boolean</span>\"
  </samp>]
  #<span class=sf-dump-protected title=\"Protected property\">classCastCache</span>: []
  #<span class=sf-dump-protected title=\"Protected property\">attributeCastCache</span>: []
  #<span class=sf-dump-protected title=\"Protected property\">dateFormat</span>: <span class=sf-dump-const>null</span>
  #<span class=sf-dump-protected title=\"Protected property\">appends</span>: []
  #<span class=sf-dump-protected title=\"Protected property\">dispatchesEvents</span>: []
  #<span class=sf-dump-protected title=\"Protected property\">observables</span>: []
  #<span class=sf-dump-protected title=\"Protected property\">relations</span>: []
  #<span class=sf-dump-protected title=\"Protected property\">touches</span>: []
  +<span class=sf-dump-public title=\"Public property\">timestamps</span>: <span class=sf-dump-const>true</span>
  +<span class=sf-dump-public title=\"Public property\">usesUniqueIds</span>: <span class=sf-dump-const>false</span>
  #<span class=sf-dump-protected title=\"Protected property\">hidden</span>: []
  #<span class=sf-dump-protected title=\"Protected property\">visible</span>: []
  #<span class=sf-dump-protected title=\"Protected property\">fillable</span>: <span class=sf-dump-note>array:17</span> [<samp data-depth=2 class=sf-dump-compact>
    <span class=sf-dump-index>0</span> => \"<span class=sf-dump-str title=\"7 characters\">name_ar</span>\"
    <span class=sf-dump-index>1</span> => \"<span class=sf-dump-str title=\"7 characters\">name_en</span>\"
    <span class=sf-dump-index>2</span> => \"<span class=sf-dump-str title=\"4 characters\">code</span>\"
    <span class=sf-dump-index>3</span> => \"<span class=sf-dump-str title=\"4 characters\">slug</span>\"
    <span class=sf-dump-index>4</span> => \"<span class=sf-dump-str title=\"9 characters\">flag_icon</span>\"
    <span class=sf-dump-index>5</span> => \"<span class=sf-dump-str title=\"9 characters\">is_active</span>\"
    <span class=sf-dump-index>6</span> => \"<span class=sf-dump-str title=\"15 characters\">government_type</span>\"
    <span class=sf-dump-index>7</span> => \"<span class=sf-dump-str title=\"13 characters\">academic_year</span>\"
    <span class=sf-dump-index>8</span> => \"<span class=sf-dump-str title=\"8 characters\">semester</span>\"
    <span class=sf-dump-index>9</span> => \"<span class=sf-dump-str title=\"12 characters\">telegram_url</span>\"
    <span class=sf-dump-index>10</span> => \"<span class=sf-dump-str title=\"9 characters\">seo_title</span>\"
    <span class=sf-dump-index>11</span> => \"<span class=sf-dump-str title=\"15 characters\">seo_description</span>\"
    <span class=sf-dump-index>12</span> => \"<span class=sf-dump-str title=\"12 characters\">seo_keywords</span>\"
    <span class=sf-dump-index>13</span> => \"<span class=sf-dump-str title=\"13 characters\">content_title</span>\"
    <span class=sf-dump-index>14</span> => \"<span class=sf-dump-str title=\"13 characters\">content_intro</span>\"
    <span class=sf-dump-index>15</span> => \"<span class=sf-dump-str title=\"12 characters\">content_body</span>\"
    <span class=sf-dump-index>16</span> => \"<span class=sf-dump-str title=\"20 characters\">show_content_section</span>\"
  </samp>]
  #<span class=sf-dump-protected title=\"Protected property\">guarded</span>: <span class=sf-dump-note>array:1</span> [<samp data-depth=2 class=sf-dump-compact>
    <span class=sf-dump-index>0</span> => \"<span class=sf-dump-str>*</span>\"
  </samp>]
</samp>}
</pre><script>Sfdump(\"sf-dump-562163145\", {\"maxDepth\":3,\"maxStringLength\":160})</script>
","structuredData":"<pre class=sf-dump id=sf-dump-1106466100 data-indent-pad=\"  \">\"\"\"
<span class=sf-dump-str title=\"1307 characters\">{<span class=\"sf-dump-default sf-dump-ns\">\\n</span></span>
<span class=sf-dump-str title=\"1307 characters\">    &quot;@context&quot;: &quot;https://schema.org&quot;,<span class=\"sf-dump-default sf-dump-ns\">\\n</span></span>
<span class=sf-dump-str title=\"1307 characters\">    &quot;@graph&quot;: [<span class=\"sf-dump-default sf-dump-ns\">\\n</span></span>
<span class=sf-dump-str title=\"1307 characters\">        {<span class=\"sf-dump-default sf-dump-ns\">\\n</span></span>
<span class=sf-dump-str title=\"1307 characters\">            &quot;@type&quot;: &quot;Organization&quot;,<span class=\"sf-dump-default sf-dump-ns\">\\n</span></span>
<span class=sf-dump-str title=\"1307 characters\">            &quot;@id&quot;: &quot;http://localhost/#organization&quot;,<span class=\"sf-dump-default sf-dump-ns\">\\n</span></span>
<span class=sf-dump-str title=\"1307 characters\">            &quot;name&quot;: &quot;&#1606;&#1578;&#1610;&#1580;&#1578;&#1610;&quot;,<span class=\"sf-dump-default sf-dump-ns\">\\n</span></span>
<span class=sf-dump-str title=\"1307 characters\">            &quot;url&quot;: &quot;http://localhost&quot;,<span class=\"sf-dump-default sf-dump-ns\">\\n</span></span>
<span class=sf-dump-str title=\"1307 characters\">            &quot;logo&quot;: {<span class=\"sf-dump-default sf-dump-ns\">\\n</span></span>
<span class=sf-dump-str title=\"1307 characters\">                &quot;@type&quot;: &quot;ImageObject&quot;,<span class=\"sf-dump-default sf-dump-ns\">\\n</span></span>
<span class=sf-dump-str title=\"1307 characters\">                &quot;url&quot;: &quot;http://localhost/images/og-default.png&quot;,<span class=\"sf-dump-default sf-dump-ns\">\\n</span></span>
<span class=sf-dump-str title=\"1307 characters\">                &quot;width&quot;: 1200,<span class=\"sf-dump-default sf-dump-ns\">\\n</span></span>
<span class=sf-dump-str title=\"1307 characters\">                &quot;height&quot;: 630<span class=\"sf-dump-default sf-dump-ns\">\\n</span></span>
<span class=sf-dump-str title=\"1307 characters\">            },<span class=\"sf-dump-default sf-dump-ns\">\\n</span></span>
<span class=sf-dump-str title=\"1307 characters\">            &quot;sameAs&quot;: []<span class=\"sf-dump-default sf-dump-ns\">\\n</span></span>
<span class=sf-dump-str title=\"1307 characters\">        },<span class=\"sf-dump-default sf-dump-ns\">\\n</span></span>
<span class=sf-dump-str title=\"1307 characters\">        {<span class=\"sf-dump-default sf-dump-ns\">\\n</span></span>
<span class=sf-dump-str title=\"1307 characters\">            &quot;@type&quot;: &quot;CollectionPage&quot;,<span class=\"sf-dump-default sf-dump-ns\">\\n</span></span>
<span class=sf-dump-str title=\"1307 characters\">            &quot;@id&quot;: &quot;http://localhost:8000/egypt/diplomas/#collectionpage&quot;,<span class=\"sf-dump-default sf-dump-ns\">\\n</span></span>
<span class=sf-dump-str title=\"1307 characters\">            &quot;url&quot;: &quot;http://localhost:8000/egypt/diplomas&quot;,<span class=\"sf-dump-default sf-dump-ns\">\\n</span></span>
<span class=sf-dump-str title=\"1307 characters\">            &quot;name&quot;: &quot;&#1606;&#1578;&#1575;&#1574;&#1580; &#1575;&#1604;&#1583;&#1576;&#1604;&#1608;&#1605;&#1575;&#1578; &#1575;&#1604;&#1601;&#1606;&#1610;&#1577; - &#1605;&#1589;&#1585;&quot;,<span class=\"sf-dump-default sf-dump-ns\">\\n</span></span>
<span class=sf-dump-str title=\"1307 characters\">            &quot;description&quot;: &quot;&#1606;&#1578;&#1575;&#1574;&#1580; &#1575;&#1604;&#1583;&#1576;&#1604;&#1608;&#1605;&#1575;&#1578; &#1575;&#1604;&#1601;&#1606;&#1610;&#1577; &#1601;&#1610; &#1580;&#1605;&#1610;&#1593; &#1605;&#1581;&#1575;&#1601;&#1592;&#1575;&#1578; &#1605;&#1589;&#1585;&quot;,<span class=\"sf-dump-default sf-dump-ns\">\\n</span></span>
<span class=sf-dump-str title=\"1307 characters\">            &quot;inLanguage&quot;: &quot;ar&quot;<span class=\"sf-dump-default sf-dump-ns\">\\n</span></span>
<span class=sf-dump-str title=\"1307 characters\">        },<span class=\"sf-dump-default sf-dump-ns\">\\n</span></span>
<span class=sf-dump-str title=\"1307 characters\">        {<span class=\"sf-dump-default sf-dump-ns\">\\n</span></span>
<span class=sf-dump-str title=\"1307 characters\">            &quot;@type&quot;: &quot;BreadcrumbList&quot;,<span class=\"sf-dump-default sf-dump-ns\">\\n</span></span>
<span class=sf-dump-str title=\"1307 characters\">            &quot;itemListElement&quot;: [<span class=\"sf-dump-default sf-dump-ns\">\\n</span></span>
<span class=sf-dump-str title=\"1307 characters\">                {<span class=\"sf-dump-default sf-dump-ns\">\\n</span></span>
<span class=sf-dump-str title=\"1307 characters\">                    &quot;@type&quot;: &quot;ListItem&quot;,<span class=\"sf-dump-default sf-dump-ns\">\\n</span></span>
<span class=sf-dump-str title=\"1307 characters\">                    &quot;position&quot;: 1,<span class=\"sf-dump-default sf-dump-ns\">\\n</span></span>
<span class=sf-dump-str title=\"1307 characters\">                    &quot;name&quot;: &quot;&#1575;&#1604;&#1585;&#1574;&#1610;&#1587;&#1610;&#1577;&quot;,<span class=\"sf-dump-default sf-dump-ns\">\\n</span></span>
<span class=sf-dump-str title=\"1307 characters\">                    &quot;item&quot;: &quot;http://localhost&quot;<span class=\"sf-dump-default sf-dump-ns\">\\n</span></span>
<span class=sf-dump-str title=\"1307 characters\">                },<span class=\"sf-dump-default sf-dump-ns\">\\n</span></span>
<span class=sf-dump-str title=\"1307 characters\">                {<span class=\"sf-dump-default sf-dump-ns\">\\n</span></span>
<span class=sf-dump-str title=\"1307 characters\">                    &quot;@type&quot;: &quot;ListItem&quot;,<span class=\"sf-dump-default sf-dump-ns\">\\n</span></span>
<span class=sf-dump-str title=\"1307 characters\">                    &quot;position&quot;: 2,<span class=\"sf-dump-default sf-dump-ns\">\\n</span></span>
<span class=sf-dump-str title=\"1307 characters\">                    &quot;name&quot;: &quot;&#1605;&#1589;&#1585;&quot;,<span class=\"sf-dump-default sf-dump-ns\">\\n</span></span>
<span class=sf-dump-str title=\"1307 characters\">                    &quot;item&quot;: null<span class=\"sf-dump-default sf-dump-ns\">\\n</span></span>
<span class=sf-dump-str title=\"1307 characters\">                }<span class=\"sf-dump-default sf-dump-ns\">\\n</span></span>
<span class=sf-dump-str title=\"1307 characters\">            ]<span class=\"sf-dump-default sf-dump-ns\">\\n</span></span>
<span class=sf-dump-str title=\"1307 characters\">        }<span class=\"sf-dump-default sf-dump-ns\">\\n</span></span>
<span class=sf-dump-str title=\"1307 characters\">    ]<span class=\"sf-dump-default sf-dump-ns\">\\n</span></span>
<span class=sf-dump-str title=\"1307 characters\">}</span>
\"\"\"
</pre><script>Sfdump(\"sf-dump-1106466100\", {\"maxDepth\":3,\"maxStringLength\":160})</script>
","showYearFilter":"<pre class=sf-dump id=sf-dump-453035302 data-indent-pad=\"  \"><span class=sf-dump-const>null</span>
</pre><script>Sfdump(\"sf-dump-453035302\", {\"maxDepth\":3,\"maxStringLength\":160})</script>
","academicYears":"<pre class=sf-dump id=sf-dump-842606358 data-indent-pad=\"  \"><span class=sf-dump-note>Illuminate\\Support\\Collection</span> {<a class=sf-dump-ref>#2292</a><samp data-depth=1 class=sf-dump-expanded>
  #<span class=sf-dump-protected title=\"Protected property\">items</span>: []
  #<span class=sf-dump-protected title=\"Protected property\">escapeWhenCastingToString</span>: <span class=sf-dump-const>false</span>
</samp>}
</pre><script>Sfdump(\"sf-dump-842606358\", {\"maxDepth\":3,\"maxStringLength\":160})</script>
"}},"exception":"[object] (Spatie\\LaravelIgnition\\Exceptions\\ViewException(code: 0): Attempt to read property \"id\" on null at /Users/Masry/GitHub/ntegty/resources/views/egypt/diplomas.blade.php:336)
[stacktrace]
#0 /Users/Masry/GitHub/ntegty/vendor/laravel/framework/src/Illuminate/Filesystem/Filesystem.php(123): require('/Users/Masry/Gi...')
#1 /Users/Masry/GitHub/ntegty/vendor/laravel/framework/src/Illuminate/Filesystem/Filesystem.php(124): Illuminate\\Filesystem\\Filesystem::Illuminate\\Filesystem\\{closure}()
#2 /Users/Masry/GitHub/ntegty/vendor/laravel/framework/src/Illuminate/View/Engines/PhpEngine.php(58): Illuminate\\Filesystem\\Filesystem->getRequire('/Users/Masry/Gi...', Array)
#3 /Users/Masry/GitHub/ntegty/vendor/livewire/livewire/src/Mechanisms/ExtendBlade/ExtendedCompilerEngine.php(22): Illuminate\\View\\Engines\\PhpEngine->evaluatePath('/Users/Masry/Gi...', Array)
#4 /Users/Masry/GitHub/ntegty/vendor/laravel/framework/src/Illuminate/View/Engines/CompilerEngine.php(72): Livewire\\Mechanisms\\ExtendBlade\\ExtendedCompilerEngine->evaluatePath('/Users/Masry/Gi...', Array)
#5 /Users/Masry/GitHub/ntegty/vendor/livewire/livewire/src/Mechanisms/ExtendBlade/ExtendedCompilerEngine.php(10): Illuminate\\View\\Engines\\CompilerEngine->get('/Users/Masry/Gi...', Array)
#6 /Users/Masry/GitHub/ntegty/vendor/laravel/framework/src/Illuminate/View/View.php(207): Livewire\\Mechanisms\\ExtendBlade\\ExtendedCompilerEngine->get('/Users/Masry/Gi...', Array)
#7 /Users/Masry/GitHub/ntegty/vendor/laravel/framework/src/Illuminate/View/View.php(190): Illuminate\\View\\View->getContents()
#8 /Users/Masry/GitHub/ntegty/vendor/laravel/framework/src/Illuminate/View/View.php(159): Illuminate\\View\\View->renderContents()
#9 /Users/Masry/GitHub/ntegty/vendor/laravel/framework/src/Illuminate/Http/Response.php(69): Illuminate\\View\\View->render()
#10 /Users/Masry/GitHub/ntegty/vendor/laravel/framework/src/Illuminate/Http/Response.php(35): Illuminate\\Http\\Response->setContent(Object(Illuminate\\View\\View))
#11 /Users/Masry/GitHub/ntegty/vendor/laravel/framework/src/Illuminate/Routing/Router.php(918): Illuminate\\Http\\Response->__construct(Object(Illuminate\\View\\View), 200, Array)
#12 /Users/Masry/GitHub/ntegty/vendor/laravel/framework/src/Illuminate/Routing/Router.php(885): Illuminate\\Routing\\Router::toResponse(Object(Illuminate\\Http\\Request), Object(Illuminate\\View\\View))
#13 /Users/Masry/GitHub/ntegty/vendor/laravel/framework/src/Illuminate/Routing/Router.php(805): Illuminate\\Routing\\Router->prepareResponse(Object(Illuminate\\Http\\Request), Object(Illuminate\\View\\View))
#14 /Users/Masry/GitHub/ntegty/vendor/laravel/framework/src/Illuminate/Pipeline/Pipeline.php(144): Illuminate\\Routing\\Router->Illuminate\\Routing\\{closure}(Object(Illuminate\\Http\\Request))
#15 /Users/Masry/GitHub/ntegty/app/Http/Middleware/CacheResponse.php(79): Illuminate\\Pipeline\\Pipeline->Illuminate\\Pipeline\\{closure}(Object(Illuminate\\Http\\Request))
#16 /Users/Masry/GitHub/ntegty/vendor/laravel/framework/src/Illuminate/Pipeline/Pipeline.php(183): App\\Http\\Middleware\\CacheResponse->handle(Object(Illuminate\\Http\\Request), Object(Closure))
#17 /Users/Masry/GitHub/ntegty/app/Http/Middleware/TrackPageViews.php(17): Illuminate\\Pipeline\\Pipeline->Illuminate\\Pipeline\\{closure}(Object(Illuminate\\Http\\Request))
#18 /Users/Masry/GitHub/ntegty/vendor/laravel/framework/src/Illuminate/Pipeline/Pipeline.php(183): App\\Http\\Middleware\\TrackPageViews->handle(Object(Illuminate\\Http\\Request), Object(Closure))
#19 /Users/Masry/GitHub/ntegty/vendor/laravel/framework/src/Illuminate/Routing/Middleware/SubstituteBindings.php(50): Illuminate\\Pipeline\\Pipeline->Illuminate\\Pipeline\\{closure}(Object(Illuminate\\Http\\Request))
#20 /Users/Masry/GitHub/ntegty/vendor/laravel/framework/src/Illuminate/Pipeline/Pipeline.php(183): Illuminate\\Routing\\Middleware\\SubstituteBindings->handle(Object(Illuminate\\Http\\Request), Object(Closure))
#21 /Users/Masry/GitHub/ntegty/vendor/laravel/framework/src/Illuminate/Foundation/Http/Middleware/VerifyCsrfToken.php(78): Illuminate\\Pipeline\\Pipeline->Illuminate\\Pipeline\\{closure}(Object(Illuminate\\Http\\Request))
#22 /Users/Masry/GitHub/ntegty/vendor/laravel/framework/src/Illuminate/Pipeline/Pipeline.php(183): Illuminate\\Foundation\\Http\\Middleware\\VerifyCsrfToken->handle(Object(Illuminate\\Http\\Request), Object(Closure))
#23 /Users/Masry/GitHub/ntegty/vendor/laravel/framework/src/Illuminate/View/Middleware/ShareErrorsFromSession.php(49): Illuminate\\Pipeline\\Pipeline->Illuminate\\Pipeline\\{closure}(Object(Illuminate\\Http\\Request))
#24 /Users/Masry/GitHub/ntegty/vendor/laravel/framework/src/Illuminate/Pipeline/Pipeline.php(183): Illuminate\\View\\Middleware\\ShareErrorsFromSession->handle(Object(Illuminate\\Http\\Request), Object(Closure))
#25 /Users/Masry/GitHub/ntegty/vendor/laravel/framework/src/Illuminate/Session/Middleware/StartSession.php(121): Illuminate\\Pipeline\\Pipeline->Illuminate\\Pipeline\\{closure}(Object(Illuminate\\Http\\Request))
#26 /Users/Masry/GitHub/ntegty/vendor/laravel/framework/src/Illuminate/Session/Middleware/StartSession.php(64): Illuminate\\Session\\Middleware\\StartSession->handleStatefulRequest(Object(Illuminate\\Http\\Request), Object(Illuminate\\Session\\Store), Object(Closure))
#27 /Users/Masry/GitHub/ntegty/vendor/laravel/framework/src/Illuminate/Pipeline/Pipeline.php(183): Illuminate\\Session\\Middleware\\StartSession->handle(Object(Illuminate\\Http\\Request), Object(Closure))
#28 /Users/Masry/GitHub/ntegty/vendor/laravel/framework/src/Illuminate/Cookie/Middleware/AddQueuedCookiesToResponse.php(37): Illuminate\\Pipeline\\Pipeline->Illuminate\\Pipeline\\{closure}(Object(Illuminate\\Http\\Request))
#29 /Users/Masry/GitHub/ntegty/vendor/laravel/framework/src/Illuminate/Pipeline/Pipeline.php(183): Illuminate\\Cookie\\Middleware\\AddQueuedCookiesToResponse->handle(Object(Illuminate\\Http\\Request), Object(Closure))
#30 /Users/Masry/GitHub/ntegty/vendor/laravel/framework/src/Illuminate/Cookie/Middleware/EncryptCookies.php(67): Illuminate\\Pipeline\\Pipeline->Illuminate\\Pipeline\\{closure}(Object(Illuminate\\Http\\Request))
#31 /Users/Masry/GitHub/ntegty/vendor/laravel/framework/src/Illuminate/Pipeline/Pipeline.php(183): Illuminate\\Cookie\\Middleware\\EncryptCookies->handle(Object(Illuminate\\Http\\Request), Object(Closure))
#32 /Users/Masry/GitHub/ntegty/vendor/laravel/framework/src/Illuminate/Pipeline/Pipeline.php(119): Illuminate\\Pipeline\\Pipeline->Illuminate\\Pipeline\\{closure}(Object(Illuminate\\Http\\Request))
#33 /Users/Masry/GitHub/ntegty/vendor/laravel/framework/src/Illuminate/Routing/Router.php(805): Illuminate\\Pipeline\\Pipeline->then(Object(Closure))
#34 /Users/Masry/GitHub/ntegty/vendor/laravel/framework/src/Illuminate/Routing/Router.php(784): Illuminate\\Routing\\Router->runRouteWithinStack(Object(Illuminate\\Routing\\Route), Object(Illuminate\\Http\\Request))
#35 /Users/Masry/GitHub/ntegty/vendor/laravel/framework/src/Illuminate/Routing/Router.php(748): Illuminate\\Routing\\Router->runRoute(Object(Illuminate\\Http\\Request), Object(Illuminate\\Routing\\Route))
#36 /Users/Masry/GitHub/ntegty/vendor/laravel/framework/src/Illuminate/Routing/Router.php(737): Illuminate\\Routing\\Router->dispatchToRoute(Object(Illuminate\\Http\\Request))
#37 /Users/Masry/GitHub/ntegty/vendor/laravel/framework/src/Illuminate/Foundation/Http/Kernel.php(200): Illuminate\\Routing\\Router->dispatch(Object(Illuminate\\Http\\Request))
#38 /Users/Masry/GitHub/ntegty/vendor/laravel/framework/src/Illuminate/Pipeline/Pipeline.php(144): Illuminate\\Foundation\\Http\\Kernel->Illuminate\\Foundation\\Http\\{closure}(Object(Illuminate\\Http\\Request))
#39 /Users/Masry/GitHub/ntegty/vendor/livewire/livewire/src/Features/SupportDisablingBackButtonCache/DisableBackButtonCacheMiddleware.php(19): Illuminate\\Pipeline\\Pipeline->Illuminate\\Pipeline\\{closure}(Object(Illuminate\\Http\\Request))
#40 /Users/Masry/GitHub/ntegty/vendor/laravel/framework/src/Illuminate/Pipeline/Pipeline.php(183): Livewire\\Features\\SupportDisablingBackButtonCache\\DisableBackButtonCacheMiddleware->handle(Object(Illuminate\\Http\\Request), Object(Closure))
#41 /Users/Masry/GitHub/ntegty/app/Http/Middleware/SeoHeadersMiddleware.php(18): Illuminate\\Pipeline\\Pipeline->Illuminate\\Pipeline\\{closure}(Object(Illuminate\\Http\\Request))
#42 /Users/Masry/GitHub/ntegty/vendor/laravel/framework/src/Illuminate/Pipeline/Pipeline.php(183): App\\Http\\Middleware\\SeoHeadersMiddleware->handle(Object(Illuminate\\Http\\Request), Object(Closure))
#43 /Users/Masry/GitHub/ntegty/vendor/laravel/framework/src/Illuminate/Foundation/Http/Middleware/TransformsRequest.php(21): Illuminate\\Pipeline\\Pipeline->Illuminate\\Pipeline\\{closure}(Object(Illuminate\\Http\\Request))
#44 /Users/Masry/GitHub/ntegty/vendor/laravel/framework/src/Illuminate/Foundation/Http/Middleware/ConvertEmptyStringsToNull.php(31): Illuminate\\Foundation\\Http\\Middleware\\TransformsRequest->handle(Object(Illuminate\\Http\\Request), Object(Closure))
#45 /Users/Masry/GitHub/ntegty/vendor/laravel/framework/src/Illuminate/Pipeline/Pipeline.php(183): Illuminate\\Foundation\\Http\\Middleware\\ConvertEmptyStringsToNull->handle(Object(Illuminate\\Http\\Request), Object(Closure))
#46 /Users/Masry/GitHub/ntegty/vendor/laravel/framework/src/Illuminate/Foundation/Http/Middleware/TransformsRequest.php(21): Illuminate\\Pipeline\\Pipeline->Illuminate\\Pipeline\\{closure}(Object(Illuminate\\Http\\Request))
#47 /Users/Masry/GitHub/ntegty/vendor/laravel/framework/src/Illuminate/Foundation/Http/Middleware/TrimStrings.php(40): Illuminate\\Foundation\\Http\\Middleware\\TransformsRequest->handle(Object(Illuminate\\Http\\Request), Object(Closure))
#48 /Users/Masry/GitHub/ntegty/vendor/laravel/framework/src/Illuminate/Pipeline/Pipeline.php(183): Illuminate\\Foundation\\Http\\Middleware\\TrimStrings->handle(Object(Illuminate\\Http\\Request), Object(Closure))
#49 /Users/Masry/GitHub/ntegty/vendor/laravel/framework/src/Illuminate/Foundation/Http/Middleware/ValidatePostSize.php(27): Illuminate\\Pipeline\\Pipeline->Illuminate\\Pipeline\\{closure}(Object(Illuminate\\Http\\Request))
#50 /Users/Masry/GitHub/ntegty/vendor/laravel/framework/src/Illuminate/Pipeline/Pipeline.php(183): Illuminate\\Foundation\\Http\\Middleware\\ValidatePostSize->handle(Object(Illuminate\\Http\\Request), Object(Closure))
#51 /Users/Masry/GitHub/ntegty/vendor/laravel/framework/src/Illuminate/Foundation/Http/Middleware/PreventRequestsDuringMaintenance.php(99): Illuminate\\Pipeline\\Pipeline->Illuminate\\Pipeline\\{closure}(Object(Illuminate\\Http\\Request))
#52 /Users/Masry/GitHub/ntegty/vendor/laravel/framework/src/Illuminate/Pipeline/Pipeline.php(183): Illuminate\\Foundation\\Http\\Middleware\\PreventRequestsDuringMaintenance->handle(Object(Illuminate\\Http\\Request), Object(Closure))
#53 /Users/Masry/GitHub/ntegty/vendor/laravel/framework/src/Illuminate/Http/Middleware/HandleCors.php(49): Illuminate\\Pipeline\\Pipeline->Illuminate\\Pipeline\\{closure}(Object(Illuminate\\Http\\Request))
#54 /Users/Masry/GitHub/ntegty/vendor/laravel/framework/src/Illuminate/Pipeline/Pipeline.php(183): Illuminate\\Http\\Middleware\\HandleCors->handle(Object(Illuminate\\Http\\Request), Object(Closure))
#55 /Users/Masry/GitHub/ntegty/vendor/laravel/framework/src/Illuminate/Http/Middleware/TrustProxies.php(39): Illuminate\\Pipeline\\Pipeline->Illuminate\\Pipeline\\{closure}(Object(Illuminate\\Http\\Request))
#56 /Users/Masry/GitHub/ntegty/vendor/laravel/framework/src/Illuminate/Pipeline/Pipeline.php(183): Illuminate\\Http\\Middleware\\TrustProxies->handle(Object(Illuminate\\Http\\Request), Object(Closure))
#57 /Users/Masry/GitHub/ntegty/vendor/laravel/framework/src/Illuminate/Pipeline/Pipeline.php(119): Illuminate\\Pipeline\\Pipeline->Illuminate\\Pipeline\\{closure}(Object(Illuminate\\Http\\Request))
#58 /Users/Masry/GitHub/ntegty/vendor/laravel/framework/src/Illuminate/Foundation/Http/Kernel.php(175): Illuminate\\Pipeline\\Pipeline->then(Object(Closure))
#59 /Users/Masry/GitHub/ntegty/vendor/laravel/framework/src/Illuminate/Foundation/Http/Kernel.php(144): Illuminate\\Foundation\\Http\\Kernel->sendRequestThroughRouter(Object(Illuminate\\Http\\Request))
#60 /Users/Masry/GitHub/ntegty/index.php(51): Illuminate\\Foundation\\Http\\Kernel->handle(Object(Illuminate\\Http\\Request))
#61 /Users/Masry/GitHub/ntegty/server.php(13): require_once('/Users/Masry/Gi...')
#62 {main}

[previous exception] [object] (ErrorException(code: 0): Attempt to read property \"id\" on null at /Users/Masry/GitHub/ntegty/storage/framework/views/b50a794f96d214988afaa630f9b0c1d8.php:356)
[stacktrace]
#0 /Users/Masry/GitHub/ntegty/vendor/laravel/framework/src/Illuminate/Foundation/Bootstrap/HandleExceptions.php(255): Illuminate\\Foundation\\Bootstrap\\HandleExceptions->handleError(2, 'Attempt to read...', '/Users/Masry/Gi...', 356)
#1 /Users/Masry/GitHub/ntegty/storage/framework/views/b50a794f96d214988afaa630f9b0c1d8.php(356): Illuminate\\Foundation\\Bootstrap\\HandleExceptions->Illuminate\\Foundation\\Bootstrap\\{closure}(2, 'Attempt to read...', '/Users/Masry/Gi...', 356)
#2 /Users/Masry/GitHub/ntegty/vendor/laravel/framework/src/Illuminate/Filesystem/Filesystem.php(123): require('/Users/Masry/Gi...')
#3 /Users/Masry/GitHub/ntegty/vendor/laravel/framework/src/Illuminate/Filesystem/Filesystem.php(124): Illuminate\\Filesystem\\Filesystem::Illuminate\\Filesystem\\{closure}()
#4 /Users/Masry/GitHub/ntegty/vendor/laravel/framework/src/Illuminate/View/Engines/PhpEngine.php(58): Illuminate\\Filesystem\\Filesystem->getRequire('/Users/Masry/Gi...', Array)
#5 /Users/Masry/GitHub/ntegty/vendor/livewire/livewire/src/Mechanisms/ExtendBlade/ExtendedCompilerEngine.php(22): Illuminate\\View\\Engines\\PhpEngine->evaluatePath('/Users/Masry/Gi...', Array)
#6 /Users/Masry/GitHub/ntegty/vendor/laravel/framework/src/Illuminate/View/Engines/CompilerEngine.php(72): Livewire\\Mechanisms\\ExtendBlade\\ExtendedCompilerEngine->evaluatePath('/Users/Masry/Gi...', Array)
#7 /Users/Masry/GitHub/ntegty/vendor/livewire/livewire/src/Mechanisms/ExtendBlade/ExtendedCompilerEngine.php(10): Illuminate\\View\\Engines\\CompilerEngine->get('/Users/Masry/Gi...', Array)
#8 /Users/Masry/GitHub/ntegty/vendor/laravel/framework/src/Illuminate/View/View.php(207): Livewire\\Mechanisms\\ExtendBlade\\ExtendedCompilerEngine->get('/Users/Masry/Gi...', Array)
#9 /Users/Masry/GitHub/ntegty/vendor/laravel/framework/src/Illuminate/View/View.php(190): Illuminate\\View\\View->getContents()
#10 /Users/Masry/GitHub/ntegty/vendor/laravel/framework/src/Illuminate/View/View.php(159): Illuminate\\View\\View->renderContents()
#11 /Users/Masry/GitHub/ntegty/vendor/laravel/framework/src/Illuminate/Http/Response.php(69): Illuminate\\View\\View->render()
#12 /Users/Masry/GitHub/ntegty/vendor/laravel/framework/src/Illuminate/Http/Response.php(35): Illuminate\\Http\\Response->setContent(Object(Illuminate\\View\\View))
#13 /Users/Masry/GitHub/ntegty/vendor/laravel/framework/src/Illuminate/Routing/Router.php(918): Illuminate\\Http\\Response->__construct(Object(Illuminate\\View\\View), 200, Array)
#14 /Users/Masry/GitHub/ntegty/vendor/laravel/framework/src/Illuminate/Routing/Router.php(885): Illuminate\\Routing\\Router::toResponse(Object(Illuminate\\Http\\Request), Object(Illuminate\\View\\View))
#15 /Users/Masry/GitHub/ntegty/vendor/laravel/framework/src/Illuminate/Routing/Router.php(805): Illuminate\\Routing\\Router->prepareResponse(Object(Illuminate\\Http\\Request), Object(Illuminate\\View\\View))
#16 /Users/Masry/GitHub/ntegty/vendor/laravel/framework/src/Illuminate/Pipeline/Pipeline.php(144): Illuminate\\Routing\\Router->Illuminate\\Routing\\{closure}(Object(Illuminate\\Http\\Request))
#17 /Users/Masry/GitHub/ntegty/app/Http/Middleware/CacheResponse.php(79): Illuminate\\Pipeline\\Pipeline->Illuminate\\Pipeline\\{closure}(Object(Illuminate\\Http\\Request))
#18 /Users/Masry/GitHub/ntegty/vendor/laravel/framework/src/Illuminate/Pipeline/Pipeline.php(183): App\\Http\\Middleware\\CacheResponse->handle(Object(Illuminate\\Http\\Request), Object(Closure))
#19 /Users/Masry/GitHub/ntegty/app/Http/Middleware/TrackPageViews.php(17): Illuminate\\Pipeline\\Pipeline->Illuminate\\Pipeline\\{closure}(Object(Illuminate\\Http\\Request))
#20 /Users/Masry/GitHub/ntegty/vendor/laravel/framework/src/Illuminate/Pipeline/Pipeline.php(183): App\\Http\\Middleware\\TrackPageViews->handle(Object(Illuminate\\Http\\Request), Object(Closure))
#21 /Users/Masry/GitHub/ntegty/vendor/laravel/framework/src/Illuminate/Routing/Middleware/SubstituteBindings.php(50): Illuminate\\Pipeline\\Pipeline->Illuminate\\Pipeline\\{closure}(Object(Illuminate\\Http\\Request))
#22 /Users/Masry/GitHub/ntegty/vendor/laravel/framework/src/Illuminate/Pipeline/Pipeline.php(183): Illuminate\\Routing\\Middleware\\SubstituteBindings->handle(Object(Illuminate\\Http\\Request), Object(Closure))
#23 /Users/Masry/GitHub/ntegty/vendor/laravel/framework/src/Illuminate/Foundation/Http/Middleware/VerifyCsrfToken.php(78): Illuminate\\Pipeline\\Pipeline->Illuminate\\Pipeline\\{closure}(Object(Illuminate\\Http\\Request))
#24 /Users/Masry/GitHub/ntegty/vendor/laravel/framework/src/Illuminate/Pipeline/Pipeline.php(183): Illuminate\\Foundation\\Http\\Middleware\\VerifyCsrfToken->handle(Object(Illuminate\\Http\\Request), Object(Closure))
#25 /Users/Masry/GitHub/ntegty/vendor/laravel/framework/src/Illuminate/View/Middleware/ShareErrorsFromSession.php(49): Illuminate\\Pipeline\\Pipeline->Illuminate\\Pipeline\\{closure}(Object(Illuminate\\Http\\Request))
#26 /Users/Masry/GitHub/ntegty/vendor/laravel/framework/src/Illuminate/Pipeline/Pipeline.php(183): Illuminate\\View\\Middleware\\ShareErrorsFromSession->handle(Object(Illuminate\\Http\\Request), Object(Closure))
#27 /Users/Masry/GitHub/ntegty/vendor/laravel/framework/src/Illuminate/Session/Middleware/StartSession.php(121): Illuminate\\Pipeline\\Pipeline->Illuminate\\Pipeline\\{closure}(Object(Illuminate\\Http\\Request))
#28 /Users/Masry/GitHub/ntegty/vendor/laravel/framework/src/Illuminate/Session/Middleware/StartSession.php(64): Illuminate\\Session\\Middleware\\StartSession->handleStatefulRequest(Object(Illuminate\\Http\\Request), Object(Illuminate\\Session\\Store), Object(Closure))
#29 /Users/Masry/GitHub/ntegty/vendor/laravel/framework/src/Illuminate/Pipeline/Pipeline.php(183): Illuminate\\Session\\Middleware\\StartSession->handle(Object(Illuminate\\Http\\Request), Object(Closure))
#30 /Users/Masry/GitHub/ntegty/vendor/laravel/framework/src/Illuminate/Cookie/Middleware/AddQueuedCookiesToResponse.php(37): Illuminate\\Pipeline\\Pipeline->Illuminate\\Pipeline\\{closure}(Object(Illuminate\\Http\\Request))
#31 /Users/Masry/GitHub/ntegty/vendor/laravel/framework/src/Illuminate/Pipeline/Pipeline.php(183): Illuminate\\Cookie\\Middleware\\AddQueuedCookiesToResponse->handle(Object(Illuminate\\Http\\Request), Object(Closure))
#32 /Users/Masry/GitHub/ntegty/vendor/laravel/framework/src/Illuminate/Cookie/Middleware/EncryptCookies.php(67): Illuminate\\Pipeline\\Pipeline->Illuminate\\Pipeline\\{closure}(Object(Illuminate\\Http\\Request))
#33 /Users/Masry/GitHub/ntegty/vendor/laravel/framework/src/Illuminate/Pipeline/Pipeline.php(183): Illuminate\\Cookie\\Middleware\\EncryptCookies->handle(Object(Illuminate\\Http\\Request), Object(Closure))
#34 /Users/Masry/GitHub/ntegty/vendor/laravel/framework/src/Illuminate/Pipeline/Pipeline.php(119): Illuminate\\Pipeline\\Pipeline->Illuminate\\Pipeline\\{closure}(Object(Illuminate\\Http\\Request))
#35 /Users/Masry/GitHub/ntegty/vendor/laravel/framework/src/Illuminate/Routing/Router.php(805): Illuminate\\Pipeline\\Pipeline->then(Object(Closure))
#36 /Users/Masry/GitHub/ntegty/vendor/laravel/framework/src/Illuminate/Routing/Router.php(784): Illuminate\\Routing\\Router->runRouteWithinStack(Object(Illuminate\\Routing\\Route), Object(Illuminate\\Http\\Request))
#37 /Users/Masry/GitHub/ntegty/vendor/laravel/framework/src/Illuminate/Routing/Router.php(748): Illuminate\\Routing\\Router->runRoute(Object(Illuminate\\Http\\Request), Object(Illuminate\\Routing\\Route))
#38 /Users/Masry/GitHub/ntegty/vendor/laravel/framework/src/Illuminate/Routing/Router.php(737): Illuminate\\Routing\\Router->dispatchToRoute(Object(Illuminate\\Http\\Request))
#39 /Users/Masry/GitHub/ntegty/vendor/laravel/framework/src/Illuminate/Foundation/Http/Kernel.php(200): Illuminate\\Routing\\Router->dispatch(Object(Illuminate\\Http\\Request))
#40 /Users/Masry/GitHub/ntegty/vendor/laravel/framework/src/Illuminate/Pipeline/Pipeline.php(144): Illuminate\\Foundation\\Http\\Kernel->Illuminate\\Foundation\\Http\\{closure}(Object(Illuminate\\Http\\Request))
#41 /Users/Masry/GitHub/ntegty/vendor/livewire/livewire/src/Features/SupportDisablingBackButtonCache/DisableBackButtonCacheMiddleware.php(19): Illuminate\\Pipeline\\Pipeline->Illuminate\\Pipeline\\{closure}(Object(Illuminate\\Http\\Request))
#42 /Users/Masry/GitHub/ntegty/vendor/laravel/framework/src/Illuminate/Pipeline/Pipeline.php(183): Livewire\\Features\\SupportDisablingBackButtonCache\\DisableBackButtonCacheMiddleware->handle(Object(Illuminate\\Http\\Request), Object(Closure))
#43 /Users/Masry/GitHub/ntegty/app/Http/Middleware/SeoHeadersMiddleware.php(18): Illuminate\\Pipeline\\Pipeline->Illuminate\\Pipeline\\{closure}(Object(Illuminate\\Http\\Request))
#44 /Users/Masry/GitHub/ntegty/vendor/laravel/framework/src/Illuminate/Pipeline/Pipeline.php(183): App\\Http\\Middleware\\SeoHeadersMiddleware->handle(Object(Illuminate\\Http\\Request), Object(Closure))
#45 /Users/Masry/GitHub/ntegty/vendor/laravel/framework/src/Illuminate/Foundation/Http/Middleware/TransformsRequest.php(21): Illuminate\\Pipeline\\Pipeline->Illuminate\\Pipeline\\{closure}(Object(Illuminate\\Http\\Request))
#46 /Users/Masry/GitHub/ntegty/vendor/laravel/framework/src/Illuminate/Foundation/Http/Middleware/ConvertEmptyStringsToNull.php(31): Illuminate\\Foundation\\Http\\Middleware\\TransformsRequest->handle(Object(Illuminate\\Http\\Request), Object(Closure))
#47 /Users/Masry/GitHub/ntegty/vendor/laravel/framework/src/Illuminate/Pipeline/Pipeline.php(183): Illuminate\\Foundation\\Http\\Middleware\\ConvertEmptyStringsToNull->handle(Object(Illuminate\\Http\\Request), Object(Closure))
#48 /Users/Masry/GitHub/ntegty/vendor/laravel/framework/src/Illuminate/Foundation/Http/Middleware/TransformsRequest.php(21): Illuminate\\Pipeline\\Pipeline->Illuminate\\Pipeline\\{closure}(Object(Illuminate\\Http\\Request))
#49 /Users/Masry/GitHub/ntegty/vendor/laravel/framework/src/Illuminate/Foundation/Http/Middleware/TrimStrings.php(40): Illuminate\\Foundation\\Http\\Middleware\\TransformsRequest->handle(Object(Illuminate\\Http\\Request), Object(Closure))
#50 /Users/Masry/GitHub/ntegty/vendor/laravel/framework/src/Illuminate/Pipeline/Pipeline.php(183): Illuminate\\Foundation\\Http\\Middleware\\TrimStrings->handle(Object(Illuminate\\Http\\Request), Object(Closure))
#51 /Users/Masry/GitHub/ntegty/vendor/laravel/framework/src/Illuminate/Foundation/Http/Middleware/ValidatePostSize.php(27): Illuminate\\Pipeline\\Pipeline->Illuminate\\Pipeline\\{closure}(Object(Illuminate\\Http\\Request))
#52 /Users/Masry/GitHub/ntegty/vendor/laravel/framework/src/Illuminate/Pipeline/Pipeline.php(183): Illuminate\\Foundation\\Http\\Middleware\\ValidatePostSize->handle(Object(Illuminate\\Http\\Request), Object(Closure))
#53 /Users/Masry/GitHub/ntegty/vendor/laravel/framework/src/Illuminate/Foundation/Http/Middleware/PreventRequestsDuringMaintenance.php(99): Illuminate\\Pipeline\\Pipeline->Illuminate\\Pipeline\\{closure}(Object(Illuminate\\Http\\Request))
#54 /Users/Masry/GitHub/ntegty/vendor/laravel/framework/src/Illuminate/Pipeline/Pipeline.php(183): Illuminate\\Foundation\\Http\\Middleware\\PreventRequestsDuringMaintenance->handle(Object(Illuminate\\Http\\Request), Object(Closure))
#55 /Users/Masry/GitHub/ntegty/vendor/laravel/framework/src/Illuminate/Http/Middleware/HandleCors.php(49): Illuminate\\Pipeline\\Pipeline->Illuminate\\Pipeline\\{closure}(Object(Illuminate\\Http\\Request))
#56 /Users/Masry/GitHub/ntegty/vendor/laravel/framework/src/Illuminate/Pipeline/Pipeline.php(183): Illuminate\\Http\\Middleware\\HandleCors->handle(Object(Illuminate\\Http\\Request), Object(Closure))
#57 /Users/Masry/GitHub/ntegty/vendor/laravel/framework/src/Illuminate/Http/Middleware/TrustProxies.php(39): Illuminate\\Pipeline\\Pipeline->Illuminate\\Pipeline\\{closure}(Object(Illuminate\\Http\\Request))
#58 /Users/Masry/GitHub/ntegty/vendor/laravel/framework/src/Illuminate/Pipeline/Pipeline.php(183): Illuminate\\Http\\Middleware\\TrustProxies->handle(Object(Illuminate\\Http\\Request), Object(Closure))
#59 /Users/Masry/GitHub/ntegty/vendor/laravel/framework/src/Illuminate/Pipeline/Pipeline.php(119): Illuminate\\Pipeline\\Pipeline->Illuminate\\Pipeline\\{closure}(Object(Illuminate\\Http\\Request))
#60 /Users/Masry/GitHub/ntegty/vendor/laravel/framework/src/Illuminate/Foundation/Http/Kernel.php(175): Illuminate\\Pipeline\\Pipeline->then(Object(Closure))
#61 /Users/Masry/GitHub/ntegty/vendor/laravel/framework/src/Illuminate/Foundation/Http/Kernel.php(144): Illuminate\\Foundation\\Http\\Kernel->sendRequestThroughRouter(Object(Illuminate\\Http\\Request))
#62 /Users/Masry/GitHub/ntegty/index.php(51): Illuminate\\Foundation\\Http\\Kernel->handle(Object(Illuminate\\Http\\Request))
#63 /Users/Masry/GitHub/ntegty/server.php(13): require_once('/Users/Masry/Gi...')
#64 {main}
"} 
[2026-04-13 20:52:53] local.ERROR: Writing to /Users/Masry/.config/psysh/psysh_history is not allowed. {"exception":"[object] (ErrorException(code: 0): Writing to /Users/Masry/.config/psysh/psysh_history is not allowed. at /Users/Masry/GitHub/ntegty/vendor/psy/psysh/src/ConfigPaths.php:419)
[stacktrace]
#0 /Users/Masry/GitHub/ntegty/vendor/laravel/framework/src/Illuminate/Foundation/Bootstrap/HandleExceptions.php(255): Illuminate\\Foundation\\Bootstrap\\HandleExceptions->handleError(1024, 'Writing to /Use...', '/Users/Masry/Gi...', 419)
#1 [internal function]: Illuminate\\Foundation\\Bootstrap\\HandleExceptions->Illuminate\\Foundation\\Bootstrap\\{closure}(1024, 'Writing to /Use...', '/Users/Masry/Gi...', 419)
#2 /Users/Masry/GitHub/ntegty/vendor/psy/psysh/src/ConfigPaths.php(419): trigger_error('Writing to /Use...', 1024)
#3 /Users/Masry/GitHub/ntegty/vendor/psy/psysh/src/Configuration.php(683): Psy\\ConfigPaths::touchFileWithMkdir('/Users/Masry/.c...')
#4 /Users/Masry/GitHub/ntegty/vendor/psy/psysh/src/Configuration.php(715): Psy\\Configuration->setHistoryFile('/Users/Masry/.c...')
#5 /Users/Masry/GitHub/ntegty/vendor/psy/psysh/src/Configuration.php(852): Psy\\Configuration->getHistoryFile()
#6 /Users/Masry/GitHub/ntegty/vendor/psy/psysh/src/Shell.php(94): Psy\\Configuration->getReadline()
#7 /Users/Masry/GitHub/ntegty/vendor/laravel/tinker/src/Console/TinkerCommand.php(59): Psy\\Shell->__construct(Object(Psy\\Configuration))
#8 /Users/Masry/GitHub/ntegty/vendor/laravel/framework/src/Illuminate/Container/BoundMethod.php(36): Laravel\\Tinker\\Console\\TinkerCommand->handle()
#9 /Users/Masry/GitHub/ntegty/vendor/laravel/framework/src/Illuminate/Container/Util.php(41): Illuminate\\Container\\BoundMethod::Illuminate\\Container\\{closure}()
#10 /Users/Masry/GitHub/ntegty/vendor/laravel/framework/src/Illuminate/Container/BoundMethod.php(93): Illuminate\\Container\\Util::unwrapIfClosure(Object(Closure))
#11 /Users/Masry/GitHub/ntegty/vendor/laravel/framework/src/Illuminate/Container/BoundMethod.php(35): Illuminate\\Container\\BoundMethod::callBoundMethod(Object(Illuminate\\Foundation\\Application), Array, Object(Closure))
#12 /Users/Masry/GitHub/ntegty/vendor/laravel/framework/src/Illuminate/Container/Container.php(662): Illuminate\\Container\\BoundMethod::call(Object(Illuminate\\Foundation\\Application), Array, Array, NULL)
#13 /Users/Masry/GitHub/ntegty/vendor/laravel/framework/src/Illuminate/Console/Command.php(211): Illuminate\\Container\\Container->call(Array)
#14 /Users/Masry/GitHub/ntegty/vendor/symfony/console/Command/Command.php(326): Illuminate\\Console\\Command->execute(Object(Symfony\\Component\\Console\\Input\\ArgvInput), Object(Illuminate\\Console\\OutputStyle))
#15 /Users/Masry/GitHub/ntegty/vendor/laravel/framework/src/Illuminate/Console/Command.php(180): Symfony\\Component\\Console\\Command\\Command->run(Object(Symfony\\Component\\Console\\Input\\ArgvInput), Object(Illuminate\\Console\\OutputStyle))
#16 /Users/Masry/GitHub/ntegty/vendor/symfony/console/Application.php(1088): Illuminate\\Console\\Command->run(Object(Symfony\\Component\\Console\\Input\\ArgvInput), Object(Symfony\\Component\\Console\\Output\\ConsoleOutput))
#17 /Users/Masry/GitHub/ntegty/vendor/symfony/console/Application.php(324): Symfony\\Component\\Console\\Application->doRunCommand(Object(Laravel\\Tinker\\Console\\TinkerCommand), Object(Symfony\\Component\\Console\\Input\\ArgvInput), Object(Symfony\\Component\\Console\\Output\\ConsoleOutput))
#18 /Users/Masry/GitHub/ntegty/vendor/symfony/console/Application.php(175): Symfony\\Component\\Console\\Application->doRun(Object(Symfony\\Component\\Console\\Input\\ArgvInput), Object(Symfony\\Component\\Console\\Output\\ConsoleOutput))
#19 /Users/Masry/GitHub/ntegty/vendor/laravel/framework/src/Illuminate/Foundation/Console/Kernel.php(201): Symfony\\Component\\Console\\Application->run(Object(Symfony\\Component\\Console\\Input\\ArgvInput), Object(Symfony\\Component\\Console\\Output\\ConsoleOutput))
#20 /Users/Masry/GitHub/ntegty/artisan(35): Illuminate\\Foundation\\Console\\Kernel->handle(Object(Symfony\\Component\\Console\\Input\\ArgvInput), Object(Symfony\\Component\\Console\\Output\\ConsoleOutput))
#21 {main}
"} 
[2026-04-13 21:46:46] local.ERROR: Writing to /Users/Masry/.config/psysh/psysh_history is not allowed. {"exception":"[object] (ErrorException(code: 0): Writing to /Users/Masry/.config/psysh/psysh_history is not allowed. at /Users/Masry/GitHub/ntegty/vendor/psy/psysh/src/ConfigPaths.php:419)
[stacktrace]
#0 /Users/Masry/GitHub/ntegty/vendor/laravel/framework/src/Illuminate/Foundation/Bootstrap/HandleExceptions.php(255): Illuminate\\Foundation\\Bootstrap\\HandleExceptions->handleError(1024, 'Writing to /Use...', '/Users/Masry/Gi...', 419)
#1 [internal function]: Illuminate\\Foundation\\Bootstrap\\HandleExceptions->Illuminate\\Foundation\\Bootstrap\\{closure}(1024, 'Writing to /Use...', '/Users/Masry/Gi...', 419)
#2 /Users/Masry/GitHub/ntegty/vendor/psy/psysh/src/ConfigPaths.php(419): trigger_error('Writing to /Use...', 1024)
#3 /Users/Masry/GitHub/ntegty/vendor/psy/psysh/src/Configuration.php(683): Psy\\ConfigPaths::touchFileWithMkdir('/Users/Masry/.c...')
#4 /Users/Masry/GitHub/ntegty/vendor/psy/psysh/src/Configuration.php(715): Psy\\Configuration->setHistoryFile('/Users/Masry/.c...')
#5 /Users/Masry/GitHub/ntegty/vendor/psy/psysh/src/Configuration.php(852): Psy\\Configuration->getHistoryFile()
#6 /Users/Masry/GitHub/ntegty/vendor/psy/psysh/src/Shell.php(94): Psy\\Configuration->getReadline()
#7 /Users/Masry/GitHub/ntegty/vendor/laravel/tinker/src/Console/TinkerCommand.php(59): Psy\\Shell->__construct(Object(Psy\\Configuration))
#8 /Users/Masry/GitHub/ntegty/vendor/laravel/framework/src/Illuminate/Container/BoundMethod.php(36): Laravel\\Tinker\\Console\\TinkerCommand->handle()
#9 /Users/Masry/GitHub/ntegty/vendor/laravel/framework/src/Illuminate/Container/Util.php(41): Illuminate\\Container\\BoundMethod::Illuminate\\Container\\{closure}()
#10 /Users/Masry/GitHub/ntegty/vendor/laravel/framework/src/Illuminate/Container/BoundMethod.php(93): Illuminate\\Container\\Util::unwrapIfClosure(Object(Closure))
#11 /Users/Masry/GitHub/ntegty/vendor/laravel/framework/src/Illuminate/Container/BoundMethod.php(35): Illuminate\\Container\\BoundMethod::callBoundMethod(Object(Illuminate\\Foundation\\Application), Array, Object(Closure))
#12 /Users/Masry/GitHub/ntegty/vendor/laravel/framework/src/Illuminate/Container/Container.php(662): Illuminate\\Container\\BoundMethod::call(Object(Illuminate\\Foundation\\Application), Array, Array, NULL)
#13 /Users/Masry/GitHub/ntegty/vendor/laravel/framework/src/Illuminate/Console/Command.php(211): Illuminate\\Container\\Container->call(Array)
#14 /Users/Masry/GitHub/ntegty/vendor/symfony/console/Command/Command.php(326): Illuminate\\Console\\Command->execute(Object(Symfony\\Component\\Console\\Input\\ArgvInput), Object(Illuminate\\Console\\OutputStyle))
#15 /Users/Masry/GitHub/ntegty/vendor/laravel/framework/src/Illuminate/Console/Command.php(180): Symfony\\Component\\Console\\Command\\Command->run(Object(Symfony\\Component\\Console\\Input\\ArgvInput), Object(Illuminate\\Console\\OutputStyle))
#16 /Users/Masry/GitHub/ntegty/vendor/symfony/console/Application.php(1088): Illuminate\\Console\\Command->run(Object(Symfony\\Component\\Console\\Input\\ArgvInput), Object(Symfony\\Component\\Console\\Output\\ConsoleOutput))
#17 /Users/Masry/GitHub/ntegty/vendor/symfony/console/Application.php(324): Symfony\\Component\\Console\\Application->doRunCommand(Object(Laravel\\Tinker\\Console\\TinkerCommand), Object(Symfony\\Component\\Console\\Input\\ArgvInput), Object(Symfony\\Component\\Console\\Output\\ConsoleOutput))
#18 /Users/Masry/GitHub/ntegty/vendor/symfony/console/Application.php(175): Symfony\\Component\\Console\\Application->doRun(Object(Symfony\\Component\\Console\\Input\\ArgvInput), Object(Symfony\\Component\\Console\\Output\\ConsoleOutput))
#19 /Users/Masry/GitHub/ntegty/vendor/laravel/framework/src/Illuminate/Foundation/Console/Kernel.php(201): Symfony\\Component\\Console\\Application->run(Object(Symfony\\Component\\Console\\Input\\ArgvInput), Object(Symfony\\Component\\Console\\Output\\ConsoleOutput))
#20 /Users/Masry/GitHub/ntegty/artisan(35): Illuminate\\Foundation\\Console\\Kernel->handle(Object(Symfony\\Component\\Console\\Input\\ArgvInput), Object(Symfony\\Component\\Console\\Output\\ConsoleOutput))
#21 {main}
"} 
